{
  "n": 100,
  "m": 3,
  "seed": 59,
  "capacity_ratio": 0.5,
  "capacities_mode": "random",
  "weight_min": 1.0,
  "weight_max": 100.0,
  "profit_min": 1.0,
  "profit_max": 100.0,
  "weights_integer": true,
  "profits_integer": true,
  "generated_at": "2026-06-23T12:26:24.565644",
  "capacities": [
    1148.3268222532745,
    606.6786770571396,
    888.9945006895856
  ]
}