{
  "n": 1000,
  "m": 83,
  "seed": 58,
  "capacity_ratio": 0.5,
  "capacities_mode": "random",
  "weight_min": 1.0,
  "weight_max": 100.0,
  "profit_min": 1.0,
  "profit_max": 100.0,
  "weights_integer": true,
  "profits_integer": true,
  "generated_at": "2026-06-23T12:26:41.299212",
  "capacities": [
    326.0732745415845,
    326.55379856734123,
    219.84705946846057,
    254.8971657457362,
    330.34941490582855,
    256.4188471810254,
    351.63916232186483,
    370.3513931074032,
    183.31342890951035,
    210.97421561381103,
    420.9723960310293,
    193.3025691968207,
    266.9049908214573,
    157.36710070302425,
    355.8355671981801,
    293.32981449259205,
    288.6307165766618,
    148.5144431209741,
    302.7338911275901,
    372.38181766503425,
    426.05790569277355,
    419.441111182367,
    239.232589825855,
    288.66681270883356,
    409.4699313463282,
    364.78034390533077,
    382.36566065768756,
    233.05833507070847,
    296.2386028801647,
    255.96461846681242,
    372.22675628562956,
    404.99532689937956,
    395.5883624433284,
    373.7083840126777,
    353.8067742482854,
    393.3042610246927,
    370.3596642848213,
    211.90339608333377,
    244.64321195650209,
    358.3013925030234,
    183.73381687139084,
    186.71248642044117,
    385.23155397979815,
    168.44487523135987,
    374.16806054413166,
    358.05789253506754,
    327.67901433676536,
    295.43216989478367,
    403.6136587747673,
    202.24814203597998,
    355.0025103615893,
    433.9071919924666,
    389.06004369413097,
    279.1509922350083,
    421.09654070586686,
    242.7189300769785,
    286.7679549461295,
    195.4393942746363,
    198.22997446798425,
    263.0170499869476,
    256.21395226498254,
    267.6061802028273,
    147.4254495720803,
    286.0490998560359,
    273.6483338453467,
    226.3880809783509,
    163.35911622408125,
    263.916032105148,
    278.1734113325629,
    261.13906916026167,
    324.1615288085951,
    244.54705426897686,
    426.8485298051121,
    410.80162708072294,
    400.2906979282044,
    262.81035155961393,
    211.04629139321173,
    321.99068553968397,
    427.12333488670936,
    233.9049772515721,
    432.8506108035109,
    166.2710961724439,
    368.2177268192741
  ]
}