{
  "n": 1000,
  "m": 83,
  "seed": 56,
  "capacity_ratio": 0.5,
  "capacities_mode": "random",
  "weight_min": 1.0,
  "weight_max": 100.0,
  "profit_min": 1.0,
  "profit_max": 100.0,
  "weights_integer": true,
  "profits_integer": true,
  "generated_at": "2026-06-23T12:26:41.293694",
  "capacities": [
    182.68797788966313,
    204.21503728024467,
    164.0962980875198,
    356.69547421652527,
    280.6879522474613,
    370.9813316979538,
    400.38177885537976,
    424.8264074779167,
    272.95680094846193,
    326.99933189418823,
    293.81904887058926,
    243.07388666527075,
    207.36365186490627,
    311.51460402049213,
    317.81835141883585,
    217.7101340117391,
    333.5045837981346,
    159.7503291351052,
    212.66257660405162,
    256.7040740240261,
    385.1463422388164,
    296.41783539175117,
    337.5978657110649,
    188.68161782847375,
    213.37620305427515,
    254.23834681546762,
    283.83485470520236,
    405.9120500504499,
    433.72981973953597,
    330.41642852744434,
    414.3585859973168,
    261.86176504849,
    339.1466703112769,
    165.65412113895042,
    365.7943108801636,
    398.5990016258202,
    225.25186957600297,
    306.2522430248917,
    351.3905476345114,
    410.0248867346128,
    361.3456739677911,
    161.28537018076736,
    343.57282012822117,
    266.81896548353006,
    293.2144520362512,
    389.5434167648922,
    423.01532549371535,
    364.8153678373928,
    354.3069781211532,
    442.4283829605675,
    261.3604916442305,
    367.2461189596331,
    331.51277966369855,
    253.94459937687995,
    380.4283345501595,
    225.6835243274264,
    407.66388188802784,
    274.8983007889005,
    377.0050369568429,
    243.4577904936168,
    153.06710633140187,
    268.65621236200036,
    310.7815419893632,
    268.79380501042175,
    435.29804035123976,
    343.5140861876185,
    281.2949329375767,
    349.3121169319876,
    197.35750411098275,
    435.532862106013,
    330.4016531524573,
    282.71711411431306,
    295.8139202721069,
    325.3701507409243,
    407.89038727273834,
    184.02445951645814,
    292.67547034495476,
    395.42480921264297,
    203.22124657034928,
    304.8729589848684,
    339.5713341923519,
    337.68138544984197,
    311.04429319070584
  ]
}