{
  "n": 100,
  "m": 3,
  "seed": 69,
  "capacity_ratio": 0.5,
  "capacities_mode": "random",
  "weight_min": 1.0,
  "weight_max": 100.0,
  "profit_min": 1.0,
  "profit_max": 100.0,
  "weights_integer": true,
  "profits_integer": true,
  "generated_at": "2026-06-23T12:26:24.579824",
  "capacities": [
    586.2276662495286,
    854.3721020569163,
    1017.4002316935548
  ]
}