{
  "n": 100,
  "m": 3,
  "seed": 54,
  "capacity_ratio": 0.5,
  "capacities_mode": "random",
  "weight_min": 1.0,
  "weight_max": 100.0,
  "profit_min": 1.0,
  "profit_max": 100.0,
  "weights_integer": true,
  "profits_integer": true,
  "generated_at": "2026-06-23T12:26:24.558898",
  "capacities": [
    514.5881689958561,
    1091.6449509048884,
    844.7668800992552
  ]
}