{
  "n": 100,
  "m": 3,
  "seed": 53,
  "capacity_ratio": 0.5,
  "capacities_mode": "random",
  "weight_min": 1.0,
  "weight_max": 100.0,
  "profit_min": 1.0,
  "profit_max": 100.0,
  "weights_integer": true,
  "profits_integer": true,
  "generated_at": "2026-06-23T12:26:24.557636",
  "capacities": [
    973.7388652556988,
    1028.1767416503603,
    479.58439309394095
  ]
}