{
  "n": 1000,
  "m": 83,
  "seed": 61,
  "capacity_ratio": 0.5,
  "capacities_mode": "random",
  "weight_min": 1.0,
  "weight_max": 100.0,
  "profit_min": 1.0,
  "profit_max": 100.0,
  "weights_integer": true,
  "profits_integer": true,
  "generated_at": "2026-06-23T12:26:41.307011",
  "capacities": [
    293.807610678768,
    219.68541050833826,
    297.0255251133721,
    360.7712042761511,
    340.740367107795,
    376.1423117674372,
    363.8142071063471,
    345.32923810734997,
    351.8376015451775,
    334.59402870045454,
    422.66696543769945,
    274.24368802602856,
    171.3615706765539,
    237.50044451905245,
    200.08055057150216,
    164.75088375829202,
    266.36838315571055,
    347.0419478273655,
    292.6303120776822,
    327.9212278867494,
    323.39800097190147,
    320.5968964710793,
    369.1378469738464,
    287.87119676702713,
    383.12750903901537,
    201.24627202397073,
    288.42966878564295,
    391.1584541253719,
    390.82701578690506,
    170.8425297917583,
    322.7462562288665,
    247.02579135693574,
    276.2326720967958,
    285.17418354621634,
    221.87045265769524,
    352.2081590941609,
    177.127840928765,
    204.05807655868722,
    263.7898937387428,
    305.465717417006,
    327.2337056589333,
    422.42739343724514,
    295.24290923855443,
    264.50453339363503,
    251.7139346181862,
    379.8734929699678,
    360.59627595802965,
    191.6181238728848,
    144.91485796402037,
    340.2815978035567,
    160.58171326034062,
    335.8758514953079,
    417.30812791656126,
    401.72217871726065,
    235.3044077439631,
    328.2734149777321,
    369.41796527978005,
    323.75783906767975,
    217.05694995033386,
    150.32611109295004,
    282.2763737673432,
    346.2421687335308,
    378.603278130034,
    144.21411984304603,
    189.36372932143533,
    349.42952482563675,
    205.3439487501011,
    293.9058172824625,
    361.6185588518593,
    397.16474514142703,
    153.07007707223528,
    276.8515813097079,
    161.99127358487092,
    266.04889111586834,
    152.6186687048157,
    327.1194987745516,
    396.4578890207066,
    397.88045285153174,
    278.6223858298066,
    425.7994123073588,
    214.89221439921454,
    360.38883339011664,
    219.91725936719953
  ]
}