{
  "n": 1000,
  "m": 83,
  "seed": 42,
  "capacity_ratio": 0.5,
  "capacities_mode": "random",
  "weight_min": 1.0,
  "weight_max": 100.0,
  "profit_min": 1.0,
  "profit_max": 100.0,
  "weights_integer": true,
  "profits_integer": true,
  "generated_at": "2026-06-23T12:26:41.254170",
  "capacities": [
    308.2041274909797,
    198.51253023060397,
    263.0330973967254,
    235.92421984218117,
    273.8567755805001,
    252.6411257708005,
    330.8468387451619,
    388.5072841790265,
    345.7393554597665,
    170.5369878709153,
    179.1537901067826,
    355.1034715364018,
    236.30192928803544,
    368.7709488715428,
    348.5294645880136,
    423.8000064405933,
    413.8364929115542,
    251.13284049620592,
    326.28250154151755,
    193.29381975748646,
    256.0926692742831,
    442.28891767809904,
    361.160773247492,
    268.7906726208636,
    329.98961098124204,
    433.34056675279106,
    243.96671578914604,
    264.186457754794,
    389.24107699044646,
    395.7269596953937,
    352.613441129344,
    400.4804962601578,
    373.3035447801791,
    357.22349071645925,
    309.3026364535522,
    345.3534671083128,
    278.2676120008652,
    259.7110601271482,
    259.9429700936431,
    204.99657137477232,
    215.22126508040563,
    436.2534269508095,
    297.21178448255904,
    218.94304170770238,
    192.12970019874044,
    173.92813781257817,
    405.1421896903988,
    181.15318551300874,
    382.9768631510053,
    402.33706355346135,
    416.97127722151,
    162.04968474908182,
    252.1581311176311,
    381.6005672037516,
    190.16601597997976,
    264.19868190771336,
    199.56755441926654,
    401.1995402951463,
    383.04409212082777,
    394.4790540264644,
    200.55958145738649,
    282.56697029696636,
    274.486358266184,
    354.49582452800433,
    222.25401017385235,
    284.5333645232447,
    236.5372704296391,
    376.245267584718,
    285.9585203921202,
    311.59825609046896,
    243.93236475621103,
    394.3525330739801,
    292.0119118063784,
    402.3351247012761,
    261.5230302165633,
    436.09127185481293,
    447.33449061038993,
    289.801327854904,
    235.58615266615467,
    265.75140187634315,
    309.62400974216354,
    441.85848444022247,
    396.8438965421926
  ]
}