{
  "n": 1000,
  "m": 83,
  "seed": 47,
  "capacity_ratio": 0.5,
  "capacities_mode": "random",
  "weight_min": 1.0,
  "weight_max": 100.0,
  "profit_min": 1.0,
  "profit_max": 100.0,
  "weights_integer": true,
  "profits_integer": true,
  "generated_at": "2026-06-23T12:26:41.270975",
  "capacities": [
    425.2797678147249,
    341.7403832287002,
    432.99392734157976,
    290.2371137512776,
    165.9632782791046,
    307.6575719611934,
    203.2100227762352,
    151.2854881774424,
    308.9979875680198,
    256.1814118725239,
    185.76883954625612,
    340.4772579729008,
    419.8107875402696,
    212.92567007761613,
    218.144986738378,
    257.9534500053185,
    316.8336257450426,
    428.698757394788,
    357.9000605365015,
    434.14297405390585,
    426.4722845850687,
    267.92624043556816,
    286.1713170066683,
    193.68815055619825,
    201.8329156756269,
    419.22703903131975,
    318.78812442462504,
    355.6808839015912,
    400.4896174450629,
    395.20267878712673,
    347.1758596871065,
    394.9703127266399,
    386.86252215080117,
    435.66555650572604,
    329.8224682046638,
    197.70007018051783,
    148.91844802303686,
    249.4019331547189,
    206.8053070261598,
    152.22588785363848,
    399.76700187578416,
    434.2856091178566,
    358.10528309023874,
    362.63325482358084,
    233.29903987376602,
    392.0879223081495,
    427.22156938935973,
    385.71471042239233,
    275.70720890503134,
    356.01048285953374,
    192.3600280250166,
    338.5694995086771,
    299.7602978908163,
    426.7854237839317,
    149.2828777054611,
    413.9561018987994,
    288.61157158804974,
    381.75297906323465,
    405.7329131364061,
    253.15634308040995,
    147.94981459687062,
    278.93202916189745,
    233.51398769374225,
    194.28358335923963,
    295.6870937510081,
    369.6393436885796,
    336.58518415984514,
    266.29974244135195,
    393.410022107389,
    408.85878749218676,
    315.6719610733855,
    400.9044784757875,
    306.47443439151294,
    368.8699016794544,
    355.71092414557023,
    206.7423946782525,
    278.5560503067493,
    399.6527269085707,
    211.10103950175838,
    335.4193161733812,
    152.45097504302302,
    366.4446489711077,
    173.31046210919536
  ]
}