{
  "n": 5000,
  "m": 329,
  "seed": 50,
  "capacity_ratio": 0.5,
  "capacities_mode": "random",
  "weight_min": 1.0,
  "weight_max": 100.0,
  "profit_min": 1.0,
  "profit_max": 100.0,
  "weights_integer": true,
  "profits_integer": true,
  "generated_at": "2026-06-23T12:26:48.575142",
  "capacities": [
    435.0031303065576,
    281.6508093379908,
    554.9506630994837,
    531.1034462708491,
    501.5811549260835,
    335.6083768025424,
    408.64017428580064,
    276.82441022847985,
    217.33822868940237,
    406.7925565423093,
    206.35356278560522,
    359.820223929984,
    470.8377367214756,
    507.63377069133503,
    354.8992784442858,
    231.501832946538,
    481.012520066684,
    482.46872664694746,
    356.5569123204623,
    409.5598813760125,
    339.551075416847,
    388.3935643754273,
    316.24704707768706,
    560.7542999963451,
    235.69511744064727,
    584.2464520611503,
    266.52508067460667,
    523.8360430063678,
    363.8271601917886,
    531.8372558726566,
    314.3587959451291,
    205.1631375742388,
    227.40627400500404,
    253.35325031620064,
    473.0839501261716,
    563.0610057550504,
    540.4381445770568,
    410.5725978472291,
    412.9986345753177,
    369.9287304971122,
    421.1250898392182,
    248.66779515255973,
    537.1272067001257,
    480.98101865808974,
    517.6866780891743,
    515.8902913435957,
    264.5105206850703,
    515.1093722968841,
    240.22664164615296,
    488.54410647025276,
    381.1482429062751,
    257.735167712703,
    268.4519397566353,
    318.37617973505445,
    288.6798968376574,
    235.36972858162073,
    572.6031355651115,
    499.8340502932265,
    365.3067457019159,
    300.05616340236725,
    536.9967075878935,
    424.0948087239133,
    568.3694123383273,
    292.60250908554264,
    281.08766878293085,
    234.307187694991,
    296.63152264835287,
    458.7162246009186,
    539.8920993607497,
    255.00211679653725,
    289.2535459445417,
    424.02501956134137,
    447.7438252584194,
    202.41158940970632,
    557.8198087583828,
    383.1162225287495,
    490.9948955965247,
    547.8063030574594,
    546.3216978128816,
    283.06703694402006,
    567.2064455173828,
    244.47044377907784,
    518.4860259008248,
    431.5786512757134,
    407.03865275065453,
    585.1255966958821,
    246.37784330180466,
    452.4222227303411,
    341.019065338552,
    517.6041261853348,
    488.34840216128055,
    405.7088712991155,
    221.76325180701897,
    356.95608884707605,
    552.6652921731684,
    422.1560611705607,
    247.4796531974464,
    286.0904547174726,
    273.0931656512498,
    201.01611643409734,
    210.61653789900245,
    316.66963258442166,
    498.47620478326377,
    400.80747517683955,
    270.32076871123155,
    198.47941517706607,
    256.0798881117643,
    313.90971386164534,
    560.5165534539769,
    212.12938270070222,
    202.49970427122062,
    358.18356494602807,
    356.48184550030317,
    241.69953637358654,
    358.5868147571342,
    532.5490599955767,
    472.4867901093766,
    259.0979196505777,
    428.3914285238036,
    232.6111690964674,
    259.6914721522999,
    303.9674192303525,
    227.67006865131506,
    203.6477498165694,
    256.58961968606576,
    415.6177147445925,
    371.88390660073793,
    562.1014554749852,
    491.2684696426951,
    319.2054447110258,
    265.7001678318519,
    260.1034014040057,
    549.1363613561914,
    414.6007571849611,
    277.00694049144914,
    435.43450716870467,
    410.9806845042975,
    543.9794923568246,
    483.4878772763444,
    577.5612938185741,
    520.1905995399395,
    552.0944954678971,
    272.1293568443946,
    235.40251095799226,
    301.0165126930366,
    526.7033269234038,
    535.0699749795972,
    552.8129593268704,
    300.6957544786796,
    237.63567723972943,
    242.5977246720892,
    236.0131607230485,
    545.2703734037794,
    314.53918607573513,
    379.87037322872163,
    356.89456531984877,
    249.21386244431343,
    553.8022259847835,
    572.1730166494148,
    407.88494990174695,
    340.8396173339792,
    554.8133489070784,
    302.1750936915384,
    543.3437343346152,
    229.17124338806656,
    386.80674927392016,
    408.0752264244431,
    327.2402269277048,
    312.6814496090062,
    544.009713124781,
    465.8685432837376,
    546.8959974486606,
    221.50249663477672,
    257.5857404716561,
    353.5558700009769,
    213.63725501162435,
    387.3477835000387,
    531.7580301686638,
    357.7839175601454,
    554.6147481770678,
    511.3854424531118,
    309.01207064739145,
    313.01427148010197,
    267.21240919258065,
    481.6734008069306,
    332.3395517555572,
    337.69583573559623,
    463.79309180102894,
    251.1163713712584,
    412.2388441182787,
    324.9302690590461,
    475.0612314109193,
    474.8697738023886,
    326.8693714407212,
    426.525048621982,
    387.0628362886593,
    206.30396839586157,
    209.6386356362022,
    474.398818530681,
    510.46132779601925,
    450.5788591476336,
    309.40106541294784,
    402.4902894257141,
    216.07201673428082,
    335.455265657477,
    420.1441490570909,
    436.44671672810455,
    242.07989103205003,
    528.8218393237274,
    324.3587883265663,
    562.1401289538226,
    211.10817558157314,
    489.611623003411,
    446.72579428367436,
    354.3320621679492,
    570.5163295749611,
    282.0732358213006,
    429.0960432277014,
    528.1443890384064,
    340.0929596827083,
    496.39921386952545,
    310.88813885274334,
    477.786209927356,
    543.2793459466956,
    545.3473899037293,
    488.598897108557,
    373.26001059067596,
    479.33604242256433,
    258.3522932182207,
    584.0636454586928,
    201.92928267970737,
    573.1313097127369,
    285.1110573132104,
    354.0445689702878,
    545.0850211953682,
    521.5402934222373,
    324.46044636486806,
    300.7014945801506,
    232.86607196971477,
    567.6269147811844,
    319.03438201238805,
    425.13620322788506,
    363.9054702306204,
    567.1230002191293,
    303.8594218750303,
    230.13804080327498,
    287.8322373297551,
    455.74510804629676,
    388.9592822957532,
    414.7293888331428,
    551.5155181727689,
    392.9765363237026,
    242.77121802627315,
    426.0045151276997,
    388.1335043091264,
    395.47500115796663,
    576.2917612745155,
    203.72331291108733,
    359.49336802251634,
    229.19519732309215,
    567.8459603746339,
    431.803506342276,
    450.88434891777445,
    431.60456721671306,
    573.0032110039759,
    495.90740746880624,
    237.21397783835522,
    367.3124592859877,
    343.4055351051694,
    276.50914897561063,
    326.94715220253005,
    501.34611804199875,
    564.7785057975335,
    513.0579385397033,
    533.5521949458305,
    555.9782483131905,
    249.65838938877224,
    241.23219109452444,
    207.25247020982263,
    583.3281693261456,
    440.27848769924344,
    279.79277652078866,
    469.6340929859787,
    283.64883751420996,
    356.3019872185937,
    283.15939806421295,
    405.49280309405776,
    585.9594479147188,
    211.7415065875453,
    529.3496812200852,
    503.21252791599926,
    210.61822893953084,
    439.4561518020088,
    464.6941799552092,
    300.605507118071,
    383.83907541376936,
    258.45857747558574,
    382.3000058894834,
    337.201181301394,
    254.38537220365657,
    361.7017279838537,
    276.86265276063233,
    479.6957526214621,
    408.8827577446097,
    231.80534633039707,
    433.68969542250096,
    442.84108674654937,
    203.4470102920205,
    576.5296696498281,
    205.32192253297785,
    326.03128264119266,
    315.6999967306292,
    204.34709346749298,
    213.25822393959072,
    227.43934315927555,
    326.0002612299749,
    354.1141628965608,
    394.61910099617813,
    356.4331657780133,
    469.3846259149535,
    479.4925671688034,
    421.59181421383227,
    261.84692895732235,
    427.9585584690983,
    549.2522885210562,
    292.08655123409187,
    389.61842562342514,
    462.75790324041486,
    247.7392277079738
  ]
}