{
  "n": 1000,
  "m": 83,
  "seed": 57,
  "capacity_ratio": 0.5,
  "capacities_mode": "random",
  "weight_min": 1.0,
  "weight_max": 100.0,
  "profit_min": 1.0,
  "profit_max": 100.0,
  "weights_integer": true,
  "profits_integer": true,
  "generated_at": "2026-06-23T12:26:41.296547",
  "capacities": [
    232.3097709792309,
    158.4976164198785,
    166.9233580950842,
    342.2402168289618,
    287.22219856550475,
    160.0467508461076,
    450.44725383596796,
    385.3064729283971,
    386.9960265433969,
    399.82124915472957,
    167.3222051009958,
    469.7344882428739,
    463.0602079839452,
    253.213358919695,
    328.91297507312976,
    314.41965510769325,
    391.7908840785809,
    200.90235501913986,
    219.57440618754305,
    432.9090119475267,
    240.59872663858607,
    294.02626931819066,
    421.2905727681731,
    363.4441074686952,
    404.47278262717646,
    303.373921085221,
    223.4890317382614,
    430.76878658308505,
    195.50264424564483,
    241.03337259043093,
    426.9641186079977,
    299.2374255142179,
    208.22015953568308,
    275.0392348452191,
    438.7236342695492,
    411.34911172289964,
    422.86142531906495,
    413.55472896282095,
    431.31109148266347,
    233.66067389531673,
    459.59837732977604,
    215.27626368041868,
    263.5668882180469,
    370.13484636508184,
    455.21756253985336,
    372.31030713925367,
    219.60623149471905,
    218.63426273020573,
    191.03878520206652,
    230.24369376150386,
    435.2668321928502,
    394.1048703374747,
    217.93565195458325,
    352.8367510227941,
    182.702772239965,
    273.6464951456406,
    327.1229370690092,
    275.6388742497117,
    255.22901573181878,
    232.66330575146247,
    191.15442710300673,
    175.17332472677842,
    200.8822460132366,
    330.5511425947691,
    236.60200130070217,
    405.6968149727075,
    308.7732332345626,
    463.5428590977525,
    339.35050925427805,
    234.86361378383862,
    167.4761861967996,
    361.47453350275646,
    321.3176528120355,
    396.70638160287433,
    318.2964100078157,
    435.48946925895547,
    176.8562769101195,
    247.34580017775977,
    187.25562397615394,
    217.04624907275715,
    233.21911750992479,
    312.6526889963041,
    203.92643266059721
  ]
}