{
  "n": 1000,
  "m": 83,
  "seed": 48,
  "capacity_ratio": 0.5,
  "capacities_mode": "random",
  "weight_min": 1.0,
  "weight_max": 100.0,
  "profit_min": 1.0,
  "profit_max": 100.0,
  "weights_integer": true,
  "profits_integer": true,
  "generated_at": "2026-06-23T12:26:41.273578",
  "capacities": [
    271.2970354937494,
    339.6496533252018,
    373.0028955775184,
    383.14143584323887,
    270.5233599264447,
    339.7200601376118,
    195.12866965893053,
    263.5789462753918,
    338.02488138681287,
    373.50441619609586,
    389.0706116203698,
    238.31007825259496,
    314.96036281557105,
    233.97105121682364,
    214.2065456426545,
    347.79615347938886,
    407.8930948132893,
    413.78700531193755,
    329.83384916739027,
    233.33357861000863,
    264.6632938882011,
    277.69584839614276,
    165.0711191359418,
    158.90182138157058,
    307.3169471444656,
    390.2267880268965,
    406.1607806487578,
    433.99222124230295,
    356.8331204585637,
    239.10395382803983,
    421.6428230164442,
    336.29296147648097,
    212.99542644171325,
    215.4838399375379,
    272.4800684708116,
    194.47710413853787,
    157.1877992065136,
    405.7730208489506,
    232.28531794341163,
    220.9811298729957,
    427.80272886301464,
    225.85124346811637,
    176.09512087983208,
    376.65005171638205,
    435.2827368111124,
    286.433951598125,
    224.8701896573536,
    237.15678242720287,
    371.7435877861832,
    394.8509360446227,
    298.08110138157383,
    322.45613550126956,
    188.29451143124177,
    418.1458909187615,
    389.95034590937706,
    392.9050473107308,
    152.9554438102395,
    255.06205616496445,
    162.02533612636648,
    243.94449322030837,
    383.30210728903,
    416.54605134315153,
    443.01772228108155,
    211.34877724906872,
    392.40284066807897,
    261.11276554304607,
    285.8733801777897,
    221.38278957043238,
    257.02097861939825,
    257.8528959424223,
    360.3284686145635,
    306.94701426456703,
    381.0260234013537,
    312.03897302670345,
    402.49457341668796,
    441.0208104800185,
    322.5745265190988,
    272.2191114413033,
    216.22730405077186,
    316.9916945563011,
    260.86846289423164,
    186.50749227452374,
    293.53847509429346
  ]
}