{
  "n": 100,
  "m": 3,
  "seed": 55,
  "capacity_ratio": 0.5,
  "capacities_mode": "random",
  "weight_min": 1.0,
  "weight_max": 100.0,
  "profit_min": 1.0,
  "profit_max": 100.0,
  "weights_integer": true,
  "profits_integer": true,
  "generated_at": "2026-06-23T12:26:24.560103",
  "capacities": [
    823.3620350025699,
    837.4987339787375,
    764.1392310186925
  ]
}