{
  "n": 5000,
  "m": 329,
  "seed": 46,
  "capacity_ratio": 0.5,
  "capacities_mode": "random",
  "weight_min": 1.0,
  "weight_max": 100.0,
  "profit_min": 1.0,
  "profit_max": 100.0,
  "weights_integer": true,
  "profits_integer": true,
  "generated_at": "2026-06-23T12:26:48.537205",
  "capacities": [
    376.0537760882217,
    485.4297507682727,
    357.1543088741142,
    397.2878808179748,
    542.0128363732928,
    513.673110625893,
    403.12183507834993,
    268.2156718609252,
    429.4972572863525,
    445.95693070645035,
    554.2318260552478,
    268.54624746582317,
    550.701578542087,
    201.07659708750154,
    287.2174846667054,
    503.4761403484181,
    276.3879461398655,
    352.3491928753075,
    537.3424528295399,
    298.94861793793416,
    511.10079166428403,
    428.2744846695927,
    483.13920944399695,
    208.10725964725907,
    555.266282101488,
    300.7538362676213,
    519.4797722856034,
    558.1822422905582,
    325.23980320098383,
    196.7111554687107,
    492.708337742466,
    542.5254799834311,
    447.10168702612475,
    320.3896247560653,
    349.2886686510029,
    457.85344274483634,
    476.26035876488095,
    481.6757377273801,
    515.7450677220595,
    399.9815590866264,
    523.7565753264962,
    420.6224862780504,
    529.5993595644366,
    361.88924987769406,
    354.51638122162876,
    550.6781244582317,
    201.9855549402528,
    558.1547531066349,
    333.58916573576045,
    207.1652774743696,
    320.383294428466,
    526.8325866027893,
    376.1518357746013,
    321.243258194919,
    488.3411557682083,
    442.96793917940704,
    525.060641239849,
    197.17569859074885,
    513.3631188163514,
    282.9972206776423,
    554.126242700344,
    198.7813925542569,
    503.6106235627157,
    234.82751419365474,
    379.862178127331,
    470.79753843947935,
    534.5620262913267,
    481.450345381245,
    213.05772868648327,
    412.52345900824014,
    279.6677334137514,
    506.0794482426474,
    279.5702828134972,
    293.57970747750363,
    311.8155436220592,
    404.584629610035,
    242.57966427902164,
    255.83966480177514,
    514.5522138502886,
    273.5962626956419,
    393.10134711640086,
    474.2833799869872,
    353.5761168687327,
    431.4174740671446,
    271.83165499309155,
    291.95842608260176,
    519.5275331760015,
    348.96066183597594,
    495.89531419360674,
    331.2976999732072,
    272.33212107527066,
    364.3838695244521,
    545.414546501179,
    305.41437900050875,
    368.3517241935603,
    461.9142768681963,
    267.61160681813266,
    430.0267690944632,
    560.0758741629575,
    380.5774924084525,
    428.3546416067294,
    261.5298710572392,
    262.91082866266686,
    413.20837686148343,
    509.9681485465995,
    363.4522455236361,
    234.94836224507168,
    546.3950359641259,
    250.111625903121,
    448.4889730064222,
    247.00405696575038,
    378.29046006478194,
    386.2645626236273,
    204.15410326888934,
    274.8561192748138,
    434.09851441846865,
    302.65391578844134,
    531.5161110064198,
    292.90281069886225,
    346.90215161524503,
    502.44700152574177,
    296.3859590474455,
    552.8488345092532,
    363.8495825369381,
    223.70956862978062,
    538.4818959568613,
    536.1050565723747,
    432.909567504526,
    378.290155945839,
    278.8289957260102,
    312.1301868286714,
    424.0592652617911,
    483.69462569435666,
    432.62966982052467,
    251.9319651488404,
    486.60233214512476,
    499.08648694064186,
    306.79429447839374,
    439.9450194284306,
    379.80045116577224,
    283.19958173880326,
    236.0096946725281,
    450.3242830416712,
    447.0824223337571,
    329.2696787856791,
    401.19957799087666,
    198.95897023007748,
    412.76419506624126,
    206.96787548106806,
    208.8501703076171,
    402.14480595675104,
    509.54443689367906,
    363.19565753586033,
    281.43521036503694,
    303.4944947129464,
    216.00016947848462,
    463.5107993082444,
    296.9945500080376,
    464.0362099410538,
    252.4909181640575,
    400.9830130226432,
    272.2528843778618,
    272.35682927044064,
    389.8614354391443,
    325.8346386291176,
    270.57727537764816,
    367.0082964008133,
    461.96269331507654,
    403.49817859085545,
    547.9311326861256,
    528.9767778688459,
    401.21597696990295,
    438.5039431485,
    365.0793044636002,
    500.63402241872427,
    450.43188908438987,
    438.45978465130844,
    518.6202887858238,
    414.7902778878609,
    217.2413100338027,
    378.40954625587455,
    254.33150580989943,
    248.04608573695944,
    387.1526326494221,
    523.6227233399645,
    347.68768022586045,
    274.44123877826115,
    514.7742201187306,
    447.17695060586095,
    222.22609604607385,
    385.07131091879984,
    235.6447247933335,
    347.44177182306845,
    242.42180359700566,
    512.1392704775782,
    295.2328800575201,
    465.34540844306446,
    225.4380114083051,
    223.2951354499716,
    441.9697714406794,
    280.5160050882257,
    491.37280970308956,
    281.90892239567444,
    305.03459067332545,
    293.61502060827684,
    201.36719729439977,
    364.2504430721313,
    526.6811026206765,
    499.99613730229163,
    333.382023887345,
    496.0334939334122,
    211.83350030503092,
    559.8911894590497,
    411.5952463702916,
    484.6608795575539,
    526.7964229511163,
    314.99212486617563,
    253.3247919864941,
    231.8638205088151,
    420.4649678915079,
    540.817787328279,
    226.60586707209052,
    349.50846541304225,
    330.55724541168513,
    252.92871357941362,
    542.8660810989495,
    394.8629944926572,
    394.044754679494,
    294.6529159155748,
    382.0305290857519,
    440.1025930396717,
    364.0502520579826,
    484.76527912667495,
    214.89321173282676,
    444.0324257174712,
    443.75969230241185,
    250.03299523977884,
    412.3607485912696,
    328.97445898801715,
    210.42952097481535,
    321.0849358870385,
    381.0503864991301,
    560.2705649392344,
    415.3662247476418,
    271.7087713878309,
    236.8199622659953,
    319.37615665020303,
    375.3240143780462,
    540.5528044384836,
    284.2556684199446,
    223.62741751952248,
    401.2575382087498,
    199.51091184457957,
    219.8866092120386,
    292.8833517447616,
    467.85387806284086,
    482.15504300333674,
    447.9569392278655,
    271.9900946627391,
    436.69202010292634,
    229.69566039217065,
    502.83301073919995,
    532.1168532843285,
    212.74954690008377,
    543.3317751416504,
    287.7405197373236,
    546.3737293917184,
    263.4084183880778,
    340.04008120107574,
    467.7106049781851,
    445.77496632483815,
    426.60231782649845,
    198.07273367149114,
    295.00548296562636,
    300.9949877264693,
    429.896524000676,
    274.75913311195455,
    272.7308532815754,
    529.7279618055225,
    339.97790739770045,
    486.0752017938955,
    549.6221745242146,
    283.2784513266147,
    409.8711456588108,
    327.737236745918,
    276.2526170439137,
    552.573299555938,
    289.69824520609546,
    402.95720488203824,
    230.69787272963703,
    384.3454675411603,
    522.0029267425149,
    200.17507136603976,
    267.4067017085942,
    252.16056542421924,
    231.92531848348554,
    277.42341072382,
    365.8424914577466,
    350.19883356996127,
    273.465465055064,
    500.0215412544049,
    523.5721080428058,
    299.2800463035237,
    187.6240903033072,
    552.5294637009126,
    504.65084439708943,
    538.2233867325918,
    419.9225878208815,
    189.9031365183398,
    421.2713859751252,
    194.87866618697532,
    412.441759699022,
    412.26726798529995,
    525.7591015982333,
    538.895010791087,
    461.83696011933887,
    215.07897584368243,
    275.6183669001148,
    407.3740809282891,
    371.74968126101334,
    388.4303605436667,
    522.9234113942942,
    299.5071057380522,
    194.76500274786412,
    261.77693918947966,
    418.30389020283474,
    526.0296171980419,
    488.30351657588056,
    541.8677677134383
  ]
}