{
  "n": 500,
  "m": 42,
  "seed": 61,
  "capacity_ratio": 0.5,
  "capacities_mode": "random",
  "weight_min": 1.0,
  "weight_max": 100.0,
  "profit_min": 1.0,
  "profit_max": 100.0,
  "weights_integer": true,
  "profits_integer": true,
  "generated_at": "2026-06-23T12:26:32.190962",
  "capacities": [
    440.21623956301045,
    343.3605601821352,
    299.3349266160669,
    269.86590255073145,
    234.52075391416832,
    289.1290280979974,
    306.33836711554454,
    372.65052801751125,
    260.7633820400102,
    265.02662819982527,
    401.01260993970965,
    361.85876443959006,
    174.0078303059778,
    293.2354479605091,
    251.16759489692407,
    225.8294528859993,
    311.0235753682583,
    219.3394085869763,
    309.1829136862191,
    199.2672923010828,
    231.5124008765623,
    207.82772868957628,
    350.1099360948015,
    214.3799813965154,
    401.2097002618798,
    219.89512114391442,
    183.25991720071858,
    176.41861283836244,
    400.14456791750234,
    318.75346047384846,
    279.8174308990803,
    177.98335685919972,
    357.88359210141977,
    211.02713894942207,
    414.7864988360335,
    358.53943689685786,
    330.5431383026528,
    256.5649554696582,
    396.0222393371092,
    310.32506091594985,
    244.72343545856398,
    338.6410824121233
  ]
}