{
  "n": 100,
  "m": 3,
  "seed": 45,
  "capacity_ratio": 0.5,
  "capacities_mode": "random",
  "weight_min": 1.0,
  "weight_max": 100.0,
  "profit_min": 1.0,
  "profit_max": 100.0,
  "weights_integer": true,
  "profits_integer": true,
  "generated_at": "2026-06-23T12:26:24.547947",
  "capacities": [
    1018.2128788723238,
    744.1588009361928,
    775.1283201914833
  ]
}