{
  "n": 1000,
  "m": 83,
  "seed": 44,
  "capacity_ratio": 0.5,
  "capacities_mode": "random",
  "weight_min": 1.0,
  "weight_max": 100.0,
  "profit_min": 1.0,
  "profit_max": 100.0,
  "weights_integer": true,
  "profits_integer": true,
  "generated_at": "2026-06-23T12:26:41.263034",
  "capacities": [
    289.20303090303645,
    201.30130799587903,
    275.3603545713558,
    444.9612231123772,
    269.49088306187735,
    199.74074593718413,
    419.5741999263059,
    365.8250823701134,
    163.173109950414,
    156.82929030702584,
    245.96582202144904,
    271.71744861951936,
    392.6922413860991,
    164.47980805979975,
    369.91099882787034,
    286.0426026297481,
    214.19701109745785,
    184.2975379001892,
    287.87863427947667,
    195.19477643092762,
    164.54619413896089,
    450.10641360531235,
    370.0580704131746,
    359.527354008817,
    382.6606630959349,
    182.49391912739682,
    380.47374725665446,
    223.04442131246668,
    316.31946883444084,
    296.31329432422183,
    180.8385755973581,
    423.76297505265245,
    399.61349070140596,
    348.23744073753033,
    296.5000924277424,
    184.5576460553619,
    188.99050718266997,
    159.97512604759262,
    405.2557170922489,
    433.68303439036157,
    370.77959103934927,
    223.2779471438689,
    401.622974783912,
    447.88058713339024,
    165.28810125299185,
    329.1578434295263,
    205.20505204506,
    290.8130227206664,
    183.92371682663642,
    345.9540943043999,
    361.6715416984486,
    350.84761290857773,
    272.7119254093526,
    310.578406017939,
    186.399543787892,
    434.8716605695681,
    354.51272152741575,
    306.0710500894,
    355.4695979691204,
    428.58826126426396,
    208.7605304022059,
    255.85941060187326,
    221.78490554232616,
    238.8212144093444,
    407.7731505184787,
    307.5134003927628,
    206.05432889920593,
    289.18566117109924,
    283.7618334249867,
    428.5980895852298,
    430.4641078510481,
    377.3744842447406,
    197.51851226157223,
    412.1563395167791,
    422.2606236420804,
    288.61712571201724,
    207.09733692942717,
    282.1212366859565,
    350.6865433254095,
    383.84789753017805,
    171.33662754494324,
    417.23821977356545,
    198.24890732257973
  ]
}