{
  "n": 1000,
  "m": 83,
  "seed": 45,
  "capacity_ratio": 0.5,
  "capacities_mode": "random",
  "weight_min": 1.0,
  "weight_max": 100.0,
  "profit_min": 1.0,
  "profit_max": 100.0,
  "weights_integer": true,
  "profits_integer": true,
  "generated_at": "2026-06-23T12:26:41.265444",
  "capacities": [
    437.3335847265084,
    225.1032491136658,
    354.2181391050244,
    349.14725690886854,
    450.54107851971725,
    195.39386638290551,
    366.71012250007084,
    207.8544231235609,
    172.6944731302491,
    208.9692511792691,
    363.6851148809746,
    268.88156195342515,
    375.1539017082223,
    360.80563315939446,
    332.086261194168,
    197.2114194852649,
    273.21362016263515,
    452.9156475775718,
    196.85656972844626,
    176.59115848789685,
    158.18915558023787,
    229.82352524160524,
    254.74967489475665,
    293.5720427157166,
    355.9407084729265,
    415.5757698615509,
    216.33231965029861,
    403.2426494310673,
    438.849480100555,
    318.0334209478438,
    320.70887939023197,
    340.66676173749664,
    360.1478483678356,
    213.06442412388176,
    412.73429522353723,
    342.9860514705765,
    411.7133696942816,
    362.63437566300956,
    169.1278330443225,
    431.37308380780996,
    248.87862058130133,
    222.2058622507748,
    277.1638092952257,
    326.56181945089315,
    455.72263303933516,
    337.1435747284995,
    338.4013967900713,
    460.6203366766988,
    342.6137814731907,
    290.5336868333159,
    286.1883290057348,
    287.57839839086864,
    239.55747507053624,
    217.0271043792227,
    178.27144392031698,
    154.78156544334198,
    295.70973315104226,
    451.2604662019789,
    216.4784812864233,
    194.12755483099582,
    219.17722552366527,
    163.06565135337826,
    235.67619578626577,
    458.8265919043226,
    329.81747693315,
    262.60786682356303,
    170.52131679711974,
    238.1920640709454,
    270.4570329544827,
    414.7238452980083,
    331.1074225595928,
    306.6094160091469,
    348.1901700284329,
    162.66858389335752,
    164.8283524688462,
    250.9527127824207,
    252.44339408902798,
    459.23220360630665,
    417.9623528989199,
    442.12469515469394,
    376.20003895264176,
    434.9820270897885,
    458.9752877747729
  ]
}