{
  "n": 5000,
  "m": 329,
  "seed": 45,
  "capacity_ratio": 0.5,
  "capacities_mode": "random",
  "weight_min": 1.0,
  "weight_max": 100.0,
  "profit_min": 1.0,
  "profit_max": 100.0,
  "weights_integer": true,
  "profits_integer": true,
  "generated_at": "2026-06-23T12:26:48.527351",
  "capacities": [
    466.0371405118345,
    405.3672295127126,
    559.7286588522336,
    494.31770916001733,
    410.14364353576855,
    228.41438431593014,
    295.21212733251843,
    416.54710956363726,
    516.3939387834253,
    483.31997498992024,
    525.3659252225323,
    476.99970230432444,
    233.07068797528947,
    338.60658070077244,
    444.37823490148696,
    424.58083582069463,
    519.5538215511734,
    198.0944842669565,
    306.2912028624895,
    332.0088516744911,
    357.887843074498,
    392.24401011179606,
    192.56796054309575,
    383.8158986854006,
    528.4051927258178,
    388.4515221124355,
    280.3372571365919,
    512.6557694090482,
    339.5177430242948,
    287.17746893035553,
    495.5475348510265,
    295.4087731250403,
    341.6143839972953,
    502.306588640742,
    312.456928252929,
    271.1413682157146,
    518.8927873697047,
    555.2295267157306,
    501.4511126233794,
    239.11595938907632,
    245.32276927108248,
    294.37664112056694,
    509.9115684018171,
    233.50422779412335,
    266.075702574017,
    228.22040719716688,
    555.5418836808849,
    427.4052851466282,
    463.1451948882474,
    305.95197032856055,
    261.56105232540375,
    330.45640778265437,
    319.6235927839836,
    498.21924682283105,
    417.08193742979677,
    274.76680209696906,
    310.01439241724484,
    287.5728127937334,
    556.4347041993656,
    507.59589475306615,
    410.8904857765428,
    265.07823522998206,
    550.807338569939,
    302.50965635407056,
    270.2657086734674,
    313.0537593473664,
    532.309015571424,
    334.8143568996867,
    249.35872317206605,
    402.9897170618905,
    519.3476476431446,
    465.2925885115703,
    469.97791801275747,
    345.22122922911296,
    556.6421966387348,
    382.8209033418818,
    402.63794249756705,
    472.64698409618825,
    547.3261627461089,
    224.78826377032482,
    521.6345874223848,
    458.574756497797,
    384.86525781657366,
    392.9988335975458,
    215.50220405636023,
    468.51722535644535,
    513.2257674924269,
    554.2258440314611,
    275.503785446011,
    398.63038919333684,
    233.23921838244374,
    482.30082279332856,
    302.5188555406083,
    237.0893049335338,
    316.721878333239,
    505.8808944567408,
    468.64865509262836,
    432.3767605550434,
    546.5902024420019,
    390.9721046350506,
    439.09652284351307,
    411.2565979771108,
    407.70275082127137,
    464.7679788887875,
    516.6427158283639,
    506.7418264250547,
    511.12634576135383,
    329.259783636349,
    235.4197712704772,
    206.7556180035428,
    230.24709294642423,
    531.3860894161603,
    377.88867254800317,
    371.0478157791379,
    535.5223671383343,
    238.0599123193851,
    367.5979811509474,
    518.614370609254,
    494.3678324344279,
    375.74481610610627,
    496.8482654117715,
    217.60387130595623,
    215.3811260264649,
    426.2066837375205,
    522.7489672571141,
    321.5156577914606,
    496.3067672277805,
    331.3656320962539,
    285.85925119843563,
    240.50580218318456,
    398.47355333490464,
    206.73968442121352,
    428.7042864699799,
    283.04236394769185,
    279.9819931107976,
    282.691635321827,
    292.95764815619503,
    236.3319995469165,
    444.08734757521745,
    548.6445044975841,
    463.70470047439323,
    218.3677576582737,
    319.79009386080634,
    275.65592685093935,
    227.96401100027833,
    367.19972589285686,
    386.5458152055529,
    382.0087740443729,
    455.4145789468712,
    462.6462331025348,
    424.2715347670597,
    319.1880474363629,
    541.9269796367179,
    558.8950125981593,
    341.13086125647544,
    506.49377560714885,
    530.6836038670114,
    361.2639182381022,
    358.4347831249909,
    364.1010762306837,
    223.97090067804055,
    250.08613418175693,
    523.6543612319352,
    367.5021272227714,
    464.87194315883164,
    237.68110873967953,
    401.937425098295,
    512.9980294681524,
    363.3285275902755,
    371.19557280049355,
    504.480289792942,
    514.2250255338173,
    407.15193876763317,
    487.51808934189944,
    403.6179684337731,
    256.29265911699235,
    250.25030657089752,
    395.6433649662333,
    423.39453691193825,
    369.54543412901074,
    413.40891750336925,
    301.6702211447954,
    349.0883385170946,
    512.5713589110836,
    254.03952859234124,
    527.4831861629642,
    228.20546756978266,
    302.6902510841022,
    260.5608061986538,
    203.7438774198371,
    389.62199682321045,
    342.5147888109113,
    234.70102610559758,
    202.62137622232464,
    228.48614775487067,
    280.6365657176961,
    219.17404521578146,
    489.80410480098476,
    377.67445222904087,
    332.7854720795111,
    396.07706704221835,
    447.3746370266446,
    407.28873213151127,
    371.38649156384,
    424.4213084301393,
    306.87513666167547,
    382.345342830081,
    535.2621263387703,
    532.3332619633287,
    531.8697942984064,
    234.87973106693968,
    510.5222639785294,
    307.3220194906874,
    313.6374773633473,
    437.35816233280383,
    511.0668024250447,
    367.6842396275356,
    420.4930531289092,
    461.2401805667735,
    340.79910666003525,
    316.21638420561817,
    553.4999884888081,
    276.0343315287906,
    357.0141729932228,
    390.0215824501595,
    361.50117757044586,
    268.29708673373295,
    345.6929390256869,
    527.2784713943678,
    461.4194834856459,
    221.7736012899215,
    363.24208355930637,
    193.0506391542672,
    487.6892293775443,
    471.0636781118941,
    461.92048047496786,
    297.8520556734272,
    340.9891734325047,
    258.37750958142107,
    199.77510685510418,
    560.174874646245,
    287.86756306159725,
    285.1338750310244,
    221.15406295887053,
    193.00830277884498,
    531.2592999818178,
    346.2828018360058,
    429.631977652496,
    279.9843009770421,
    453.55699761943293,
    277.93220759860446,
    407.1411001988907,
    403.55637180222914,
    473.4367482336724,
    472.0190673035196,
    427.0131327583612,
    226.21367244811765,
    560.9854899307082,
    558.7979150196263,
    390.1632479410073,
    562.3903565454217,
    315.33546214211435,
    339.2401773779667,
    200.5747996813064,
    410.42839991062084,
    301.30414110764053,
    484.06899233269246,
    394.4562863165263,
    516.5195368137817,
    203.1765954143743,
    559.411191831133,
    387.36682402467386,
    220.15817318913372,
    538.4151022968405,
    400.4749962659762,
    490.3087432191635,
    438.6162110029777,
    365.9433660092181,
    291.64308996527626,
    211.271052909909,
    293.9973724991133,
    206.72492985032125,
    218.58849105051934,
    323.16547664018265,
    404.10672724871506,
    523.8034799356966,
    300.7883573947032,
    394.68916646418097,
    502.4247551316842,
    473.1767617798366,
    238.5657418280516,
    316.27120343629343,
    547.2438711721779,
    210.42048834583997,
    200.47030754837527,
    477.2512342055652,
    496.94866428903737,
    189.64977567864764,
    527.5666183753648,
    372.7584719458909,
    190.98432992286308,
    330.3301260830886,
    241.03891491865164,
    345.89339287493374,
    365.40024401793244,
    398.9842354109429,
    238.58930431713313,
    357.7950727975476,
    428.427072694304,
    345.4867306052936,
    469.2710618538979,
    465.97401272358024,
    298.7490209121168,
    488.8753724278121,
    553.0574820689008,
    385.58560816816293,
    332.86694998016185,
    210.21941157756467,
    222.14378693474035,
    486.4118885308351,
    410.9001778120882,
    217.73068775810418,
    493.7562104640895,
    477.8974690031136,
    525.5261479882441,
    410.7128500143265,
    402.9039019175641,
    505.82850775636194,
    215.6901824762381
  ]
}