{
  "n": 100,
  "m": 3,
  "seed": 49,
  "capacity_ratio": 0.5,
  "capacities_mode": "random",
  "weight_min": 1.0,
  "weight_max": 100.0,
  "profit_min": 1.0,
  "profit_max": 100.0,
  "weights_integer": true,
  "profits_integer": true,
  "generated_at": "2026-06-23T12:26:24.552686",
  "capacities": [
    883.9670939837011,
    756.1416522679314,
    1062.8912537483675
  ]
}