{
  "n": 100,
  "m": 3,
  "seed": 43,
  "capacity_ratio": 0.5,
  "capacities_mode": "random",
  "weight_min": 1.0,
  "weight_max": 100.0,
  "profit_min": 1.0,
  "profit_max": 100.0,
  "weights_integer": true,
  "profits_integer": true,
  "generated_at": "2026-06-23T12:26:24.545321",
  "capacities": [
    657.2754328456984,
    777.3337299052722,
    1151.8908372490291
  ]
}