{
  "n": 500,
  "m": 42,
  "seed": 44,
  "capacity_ratio": 0.5,
  "capacities_mode": "random",
  "weight_min": 1.0,
  "weight_max": 100.0,
  "profit_min": 1.0,
  "profit_max": 100.0,
  "weights_integer": true,
  "profits_integer": true,
  "generated_at": "2026-06-23T12:26:32.158960",
  "capacities": [
    268.20598040757864,
    360.9468845101275,
    329.39234637322016,
    214.03603790269142,
    438.8067133055889,
    234.0579152859326,
    182.91729738430942,
    356.5070159549835,
    472.074489345728,
    232.90929404285822,
    294.28198132363997,
    217.10416343700646,
    470.4492746126091,
    378.71556374283966,
    369.625673267667,
    172.61540200476801,
    223.3644031079431,
    337.43827753900274,
    352.51099841157094,
    309.4238744960199,
    274.73745500373263,
    199.2040564024379,
    274.53250653236347,
    344.40742296713927,
    220.51712571370916,
    367.5319292105911,
    163.24811426187472,
    452.507272748546,
    202.27633701042728,
    396.8872994678308,
    180.1445918719825,
    407.8890426388598,
    468.7925568261802,
    241.24613786537117,
    162.99621730281805,
    195.93434036236462,
    292.487076761902,
    167.48309552856077,
    243.18970277829845,
    409.8984379319904,
    294.7095281323693,
    164.49616622456477
  ]
}