{
  "n": 5000,
  "m": 329,
  "seed": 44,
  "capacity_ratio": 0.5,
  "capacities_mode": "random",
  "weight_min": 1.0,
  "weight_max": 100.0,
  "profit_min": 1.0,
  "profit_max": 100.0,
  "weights_integer": true,
  "profits_integer": true,
  "generated_at": "2026-06-23T12:26:48.518124",
  "capacities": [
    406.89059773062354,
    515.5270215069911,
    299.44980894753405,
    321.45500252963495,
    273.522302497191,
    451.34176113012586,
    212.3484982529892,
    228.6752301940886,
    338.146897895776,
    356.487315457914,
    474.6348041258073,
    298.57190026932693,
    503.3147275227816,
    255.4494564618711,
    191.9089929240972,
    218.46618587487646,
    504.0007930048017,
    263.8266674826133,
    287.7424454512781,
    543.5050083280474,
    219.13854544884526,
    541.5974560366717,
    295.8943115531764,
    304.65489754110445,
    332.91538872522636,
    312.11312478666457,
    362.2472338503769,
    493.1753577528997,
    360.7434262725229,
    399.7956679324073,
    497.22796171341935,
    429.15428877977575,
    398.04179001565683,
    540.1295682748497,
    462.90226238143066,
    308.79826807291136,
    406.3658233608978,
    313.4810993162968,
    539.8845952834777,
    539.649925752278,
    534.28751479349,
    327.79807809444407,
    537.4849760422237,
    445.2948826734662,
    373.85144669262223,
    378.0457488954268,
    491.6448795692306,
    218.7398647183742,
    554.2038853554271,
    292.70123515949666,
    505.57903422398476,
    353.6763193379346,
    316.7444025436763,
    523.6380754929122,
    416.91783504945,
    563.929067209496,
    491.29993519172325,
    432.7997316897596,
    517.9877977898431,
    418.43579630638897,
    499.3431190484014,
    504.53794305604794,
    330.8061093969771,
    386.19048798119576,
    404.3145732057312,
    240.02117361275327,
    233.30473700170296,
    350.248401714253,
    343.2745346764281,
    475.0345020755128,
    427.56424033708134,
    401.0736979761951,
    229.69153119206143,
    290.7371541020902,
    221.65502330834303,
    377.2329068109557,
    208.664881696764,
    345.9134573834736,
    257.39922985946407,
    453.3083195341176,
    443.10311411550725,
    222.8845632419029,
    521.8513341470564,
    526.4032647453471,
    255.9814589131153,
    471.2886574931331,
    238.9649686755221,
    537.387642276239,
    524.5787678056697,
    296.77216601739235,
    239.1247167316543,
    533.2928150646167,
    238.97599989831016,
    496.20260605947925,
    255.29107551386778,
    244.29148376375647,
    264.33606398875355,
    238.31842297279053,
    415.51188540859926,
    555.4405158663114,
    467.44309773064265,
    412.1567094379706,
    254.57936864898454,
    281.1893210555702,
    462.6096849413133,
    197.19873998492847,
    459.0593702867255,
    450.128995331972,
    489.1263573603393,
    235.43615103669447,
    570.1242392590545,
    436.94772355047985,
    279.69287322088456,
    419.3767987246388,
    436.63834832685757,
    570.7412385721406,
    467.0844398648506,
    347.76643782429807,
    268.70287890845066,
    378.1444285595887,
    470.2026412674291,
    458.09232673421803,
    277.48084641657744,
    451.7811886138706,
    333.85567799636664,
    343.7029398934982,
    254.5365829853283,
    517.0423328541199,
    214.6467684628693,
    555.982295671322,
    540.8149484271715,
    536.6439962760056,
    437.61595934494636,
    280.6873075862741,
    498.8349120577193,
    442.511051681508,
    538.2195604519216,
    448.843618450767,
    456.5440999397807,
    261.07117516301645,
    450.5199327466892,
    196.23179275841193,
    297.1833568467002,
    491.9397981033888,
    192.66975234044904,
    501.826431165918,
    216.50595671202095,
    528.0463939147277,
    366.641117883095,
    384.7860874517646,
    458.1283191967499,
    355.8385535901957,
    532.4874677250359,
    546.5303706816778,
    451.7916378562677,
    411.93059415730795,
    458.52103017663677,
    302.8808688345516,
    519.310033848581,
    246.13485476199583,
    391.5437701684219,
    293.6352442030172,
    277.4809775146657,
    305.6104842933262,
    224.34281280328327,
    312.37907173962753,
    375.152236805199,
    474.90158645637985,
    234.16379765445302,
    259.5857022755945,
    491.66302235952816,
    278.78838550369665,
    203.6658197331046,
    422.80505129642364,
    362.26250993967216,
    410.0938302692544,
    382.6712051767977,
    287.77744527278185,
    274.6720493283301,
    509.4466850302377,
    202.16230177571623,
    210.63046523525415,
    538.990526450057,
    309.3436299195132,
    483.48596029454626,
    313.15709837900687,
    303.41312562176046,
    505.81011328101187,
    241.70554297458753,
    235.72029196325215,
    221.33751195721095,
    351.91560970346194,
    389.4217356262972,
    190.96317070171582,
    468.1923963196126,
    256.59488187404713,
    308.9341764629804,
    380.9876066515173,
    314.8256184559502,
    506.745497114173,
    517.5125739033417,
    435.74006042603446,
    404.83424125413643,
    313.61708828562496,
    538.803020822586,
    229.39637572236853,
    216.89911349240182,
    499.7047243740758,
    264.6743847590456,
    570.9312699477925,
    388.94037695371145,
    543.5312666645569,
    376.8811872549505,
    328.9280304831399,
    523.0610886432792,
    204.55102363250109,
    217.2166901197827,
    259.27992714243857,
    449.425546427969,
    522.76249189934,
    239.2381211169303,
    292.01195501780984,
    509.42764657286307,
    464.8085324001279,
    245.34614210827354,
    313.512125875757,
    239.2412470594093,
    554.5522692238716,
    459.26220491364404,
    210.8725640167527,
    333.6721499412379,
    349.72682373369906,
    292.30148423038503,
    240.45244676227114,
    209.37288701324832,
    411.4913880947023,
    482.40572881813904,
    402.48005557044337,
    270.1997161909432,
    201.79330687225539,
    300.44851489584573,
    234.40105820011158,
    341.66465260684055,
    496.83067901706244,
    246.8519061337137,
    551.3237410991105,
    205.25151932692307,
    255.54341143381814,
    509.2515959851462,
    456.10808386517755,
    520.6507126075007,
    356.7349029031064,
    499.32758735435607,
    325.1538987526264,
    396.029510918369,
    339.12677951856654,
    362.44379160016825,
    372.22045536022813,
    264.2255111519036,
    254.1291456925701,
    449.61995620915405,
    235.03392080260042,
    330.52898306950283,
    332.91692641604,
    499.1477849491659,
    421.5935300321908,
    482.8008694597645,
    483.31393405028945,
    400.8034561785134,
    554.4372131716336,
    374.15984602141265,
    345.0383633729636,
    285.3884467830489,
    246.4476276081203,
    264.3464647202389,
    271.8186989123355,
    312.43104874677886,
    392.5683291816751,
    194.65936581732592,
    330.61753290146453,
    506.68128800647787,
    508.1190264629548,
    288.86964915446225,
    428.42001441923895,
    484.8272693928291,
    329.8363372550716,
    394.49239131536143,
    359.62339148859,
    242.49689937221322,
    517.1655591935366,
    273.55093777808895,
    416.5662076429568,
    295.63065619890773,
    500.82187588308517,
    549.1528048911333,
    301.0616521747304,
    233.5315539874542,
    492.5660617077913,
    223.44159448789927,
    511.616473073893,
    489.473124513749,
    413.7158335560086,
    219.25319545285183,
    520.5160692932467,
    461.469774175572,
    282.8404740490259,
    403.81048592615855,
    315.5634591496837,
    474.9122389961102,
    221.4463353588713,
    365.60125151840333,
    350.3878211123858,
    323.7838301492195,
    560.7499628486436,
    316.2024903466306,
    499.6277055870946,
    447.1210821548236,
    317.8693502221501,
    442.75327408208227,
    560.0814232014261,
    461.2011228747159,
    363.5590178530659,
    458.5804354033771,
    219.28172317398932,
    452.40099583534425,
    399.460726671769,
    293.1755445585056,
    507.36757657206124,
    565.377800731214
  ]
}