{
  "n": 500,
  "m": 42,
  "seed": 60,
  "capacity_ratio": 0.5,
  "capacities_mode": "random",
  "weight_min": 1.0,
  "weight_max": 100.0,
  "profit_min": 1.0,
  "profit_max": 100.0,
  "weights_integer": true,
  "profits_integer": true,
  "generated_at": "2026-06-23T12:26:32.188847",
  "capacities": [
    199.32916820068135,
    402.779218882823,
    367.90084740783504,
    357.474027873203,
    325.3475246665292,
    418.188094335728,
    250.71496058048223,
    224.4851229279484,
    175.78797843040914,
    353.16182994038377,
    249.02744680767657,
    391.2177941771637,
    297.8297542661182,
    311.6144077975703,
    423.9280503988798,
    375.0089594168109,
    159.7932460870706,
    400.3825715990925,
    378.90135129165736,
    409.1867046455961,
    275.7919838601794,
    171.4799057475564,
    420.59939748497993,
    360.3055226866279,
    394.9451448766548,
    251.61685355879604,
    150.32830540176738,
    222.03567942043043,
    296.5981052802579,
    204.15622449779124,
    305.50517139842583,
    416.8618008388862,
    147.43627209483844,
    360.4214235590283,
    304.6340041595621,
    219.47271632797126,
    195.55691364396938,
    433.80880271064893,
    229.3493610728472,
    381.99157025822905,
    371.5822516060143,
    167.46352978087734
  ]
}