{
  "n": 50,
  "m": 2,
  "seed": 46,
  "capacity_ratio": 0.5,
  "capacities_mode": "random",
  "weight_min": 1.0,
  "weight_max": 100.0,
  "profit_min": 1.0,
  "profit_max": 100.0,
  "weights_integer": true,
  "profits_integer": true,
  "generated_at": "2026-06-23T12:26:14.968678",
  "capacities": [
    792.6246509642483,
    446.87534903575164
  ]
}