{
  "n": 1000,
  "m": 83,
  "seed": 59,
  "capacity_ratio": 0.5,
  "capacities_mode": "random",
  "weight_min": 1.0,
  "weight_max": 100.0,
  "profit_min": 1.0,
  "profit_max": 100.0,
  "weights_integer": true,
  "profits_integer": true,
  "generated_at": "2026-06-23T12:26:41.301536",
  "capacities": [
    377.3792644010158,
    153.79601177243944,
    304.44366443369313,
    207.53651238105346,
    288.0548603524244,
    449.0539059635384,
    171.8785506488144,
    279.94035724210454,
    256.5284051936992,
    287.9904041781747,
    308.8667598288284,
    178.58336129325482,
    436.71942294148977,
    261.5582740443891,
    388.6572819753721,
    337.71424458040934,
    267.47663318234027,
    344.73151405116374,
    383.2095613691488,
    349.2458924684897,
    419.60662771239254,
    232.73134993397815,
    210.63647981272086,
    336.8542863705181,
    201.13281997202157,
    340.4274012523887,
    258.00476970902815,
    233.41811514211795,
    422.28341512426806,
    318.0083798686752,
    253.08282673924847,
    267.0886599612383,
    349.680778005514,
    175.3223757695022,
    405.4464819226466,
    221.68739984044484,
    217.97506255840187,
    244.04374706764858,
    256.5371449555511,
    339.2031958609624,
    444.1205394414311,
    401.0547017448973,
    378.75085269577085,
    288.83252130913263,
    338.28081364752734,
    199.57863640559628,
    397.31421725078775,
    439.07997534994297,
    204.93705772727776,
    171.03414373336628,
    384.68016914711274,
    257.759564152687,
    451.98860935919674,
    381.1819433316952,
    393.9893032743928,
    380.1011463249603,
    351.6886060558982,
    341.57916377893946,
    278.95041096995607,
    165.9197091371031,
    347.0696023913163,
    265.92588668135414,
    282.800320707846,
    391.47930753063696,
    249.7181998986783,
    182.90260290793665,
    415.7442615098061,
    183.4933762906286,
    323.7102299512561,
    418.3059764563455,
    415.55163605030873,
    313.75722070168064,
    294.60518504196534,
    263.3070682961647,
    250.96606679163773,
    323.1546844148138,
    288.2269866546713,
    157.65643556719291,
    237.1032493262249,
    418.25922526510124,
    444.0898826615281,
    313.33082013075165,
    347.48349005337076
  ]
}