{
  "n": 100,
  "m": 3,
  "seed": 70,
  "capacity_ratio": 0.5,
  "capacities_mode": "random",
  "weight_min": 1.0,
  "weight_max": 100.0,
  "profit_min": 1.0,
  "profit_max": 100.0,
  "weights_integer": true,
  "profits_integer": true,
  "generated_at": "2026-06-23T12:26:24.581162",
  "capacities": [
    853.0283755834432,
    1069.3947494510198,
    577.0768749655372
  ]
}