{
  "n": 50,
  "m": 2,
  "seed": 43,
  "capacity_ratio": 0.5,
  "capacities_mode": "random",
  "weight_min": 1.0,
  "weight_max": 100.0,
  "profit_min": 1.0,
  "profit_max": 100.0,
  "weights_integer": true,
  "profits_integer": true,
  "generated_at": "2026-06-23T12:26:14.965469",
  "capacities": [
    705.9012556615992,
    475.59874433840065
  ]
}