{
  "n": 100,
  "m": 3,
  "seed": 60,
  "capacity_ratio": 0.5,
  "capacities_mode": "random",
  "weight_min": 1.0,
  "weight_max": 100.0,
  "profit_min": 1.0,
  "profit_max": 100.0,
  "weights_integer": true,
  "profits_integer": true,
  "generated_at": "2026-06-23T12:26:24.567014",
  "capacities": [
    899.3309187825016,
    670.5186262937215,
    824.6504549237769
  ]
}