{
  "n": 500,
  "m": 42,
  "seed": 47,
  "capacity_ratio": 0.5,
  "capacities_mode": "random",
  "weight_min": 1.0,
  "weight_max": 100.0,
  "profit_min": 1.0,
  "profit_max": 100.0,
  "weights_integer": true,
  "profits_integer": true,
  "generated_at": "2026-06-23T12:26:32.165104",
  "capacities": [
    363.56098362962996,
    379.42579103735324,
    224.85907349349992,
    321.0196224457921,
    169.32049785870953,
    281.4238025315081,
    211.7553183230848,
    297.25177782098586,
    230.31715857033254,
    275.30762125315437,
    439.6835278343035,
    326.3228898219551,
    397.4851282573224,
    335.8530507308363,
    243.60778031652754,
    333.4055152416251,
    403.0073311978974,
    389.6101735703299,
    202.684533300584,
    368.57428296968766,
    155.6377620658714,
    325.78211418929334,
    296.8112931827194,
    411.32859955603146,
    325.0750147027333,
    363.35642232834425,
    233.64052375206947,
    205.37546274081527,
    247.93019233993604,
    401.2408967835833,
    332.20274861799857,
    311.4070506273105,
    295.28213518652575,
    366.7128560945672,
    396.3974114475674,
    256.5736222633987,
    193.21478464971446,
    360.76850976220226,
    169.20654269214612,
    261.9183993707736,
    283.4794365925179,
    351.18236084876196
  ]
}