{
  "n": 100,
  "m": 3,
  "seed": 68,
  "capacity_ratio": 0.5,
  "capacities_mode": "random",
  "weight_min": 1.0,
  "weight_max": 100.0,
  "profit_min": 1.0,
  "profit_max": 100.0,
  "weights_integer": true,
  "profits_integer": true,
  "generated_at": "2026-06-23T12:26:24.578385",
  "capacities": [
    1092.6962751621513,
    489.33068525782375,
    1146.473039580025
  ]
}