{
  "n": 500,
  "m": 42,
  "seed": 53,
  "capacity_ratio": 0.5,
  "capacities_mode": "random",
  "weight_min": 1.0,
  "weight_max": 100.0,
  "profit_min": 1.0,
  "profit_max": 100.0,
  "weights_integer": true,
  "profits_integer": true,
  "generated_at": "2026-06-23T12:26:32.175814",
  "capacities": [
    303.4716383062128,
    350.8302227435075,
    293.43108320891685,
    282.57946156382144,
    326.3858468910638,
    372.87731615633686,
    178.7811919625276,
    163.86362736945438,
    163.37422840170453,
    332.38403975629296,
    263.64004276251524,
    368.94550108514227,
    386.9871629520733,
    183.15537032327276,
    348.24466200163897,
    256.1501416537361,
    420.818891525247,
    380.02094232680764,
    301.5446457892777,
    290.00806562605595,
    323.39065063438954,
    333.509309147596,
    270.79975242364264,
    334.75527857639565,
    172.8214544994128,
    305.8385861094734,
    295.0759796125003,
    193.12486987791712,
    242.69340014608383,
    313.18130418354735,
    429.0941231396384,
    385.88287288343065,
    245.9622736620731,
    407.714508117856,
    176.4291079841074,
    369.8907509415987,
    220.40891017011572,
    168.96963148437382,
    354.3757488769241,
    225.3270887206258,
    222.88802018351439,
    435.87229621917726
  ]
}