{
  "n": 100,
  "m": 3,
  "seed": 61,
  "capacity_ratio": 0.5,
  "capacities_mode": "random",
  "weight_min": 1.0,
  "weight_max": 100.0,
  "profit_min": 1.0,
  "profit_max": 100.0,
  "weights_integer": true,
  "profits_integer": true,
  "generated_at": "2026-06-23T12:26:24.568576",
  "capacities": [
    496.20722315381755,
    782.8286866564675,
    1055.9640901897149
  ]
}