{
  "n": 500,
  "m": 42,
  "seed": 43,
  "capacity_ratio": 0.5,
  "capacities_mode": "random",
  "weight_min": 1.0,
  "weight_max": 100.0,
  "profit_min": 1.0,
  "profit_max": 100.0,
  "weights_integer": true,
  "profits_integer": true,
  "generated_at": "2026-06-23T12:26:32.157167",
  "capacities": [
    383.0569499305076,
    313.69001047170536,
    357.7191488332594,
    334.8477794755094,
    369.1204438945646,
    354.6848482875276,
    374.7453088204661,
    255.4242518054847,
    193.86508053319145,
    210.3228761711222,
    377.8357704863766,
    176.9792925300742,
    362.6332033382111,
    157.30415343786777,
    147.99370086384923,
    354.3759547379814,
    352.61060557289835,
    369.3573081182541,
    249.6408669873149,
    340.1352855076958,
    355.0533969920128,
    209.74872776614484,
    178.71807789958132,
    161.00268858871053,
    231.20505075502342,
    366.3224290649346,
    208.7595230437734,
    383.18464993012725,
    330.439077412126,
    417.46052391710475,
    222.38328453536093,
    422.63536281327094,
    366.8800918947218,
    157.01480004267725,
    222.0939148825076,
    176.7270738787784,
    238.8940342138966,
    311.302186086511,
    422.0656066383058,
    390.04957304215736,
    234.119173535639,
    311.0979132627725
  ]
}