{
  "n": 500,
  "m": 42,
  "seed": 49,
  "capacity_ratio": 0.5,
  "capacities_mode": "random",
  "weight_min": 1.0,
  "weight_max": 100.0,
  "profit_min": 1.0,
  "profit_max": 100.0,
  "weights_integer": true,
  "profits_integer": true,
  "generated_at": "2026-06-23T12:26:32.168919",
  "capacities": [
    352.39017363087294,
    318.3584234282345,
    334.7802308605032,
    347.94772557591045,
    283.91529530056033,
    191.47724709097307,
    408.96855102728887,
    328.6195563127833,
    256.4882227879275,
    388.16616840329795,
    282.25264724284466,
    432.51653091153133,
    287.12653903061823,
    188.37839915143385,
    217.73468053387637,
    295.6407165087056,
    442.69066674883925,
    429.84674146560906,
    427.4032268556807,
    438.39326092451046,
    288.14879092672084,
    275.3480354258583,
    236.19794020176656,
    427.83504889154256,
    243.9920166496222,
    301.9806410800085,
    276.62770837584867,
    175.03092050851885,
    360.7212748660433,
    442.1460459794104,
    408.386284226771,
    200.2687986432437,
    251.01667044558943,
    188.65512284446677,
    276.5729482887201,
    189.89511594119185,
    243.41579077243804,
    274.03543298138754,
    207.56449492785535,
    369.11674398972775,
    229.09766226675634,
    342.3515079745104
  ]
}