{
  "n": 100,
  "m": 3,
  "seed": 62,
  "capacity_ratio": 0.5,
  "capacities_mode": "random",
  "weight_min": 1.0,
  "weight_max": 100.0,
  "profit_min": 1.0,
  "profit_max": 100.0,
  "weights_integer": true,
  "profits_integer": true,
  "generated_at": "2026-06-23T12:26:24.570028",
  "capacities": [
    1032.6535258234187,
    594.4892371857605,
    760.3572369908205
  ]
}