{
  "n": 10,
  "m": 2,
  "seed": 71,
  "capacity_ratio": 0.5,
  "capacities_mode": "random",
  "weight_min": 1.0,
  "weight_max": 100.0,
  "profit_min": 1.0,
  "profit_max": 100.0,
  "weights_integer": true,
  "profits_integer": true,
  "generated_at": "2026-06-23T12:24:39.112283",
  "capacities": [
    123.73911843440199,
    82.76088156559801
  ]
}