{
  "n": 100,
  "m": 3,
  "seed": 57,
  "capacity_ratio": 0.5,
  "capacities_mode": "random",
  "weight_min": 1.0,
  "weight_max": 100.0,
  "profit_min": 1.0,
  "profit_max": 100.0,
  "weights_integer": true,
  "profits_integer": true,
  "generated_at": "2026-06-23T12:26:24.562504",
  "capacities": [
    960.6659633625101,
    804.7311005670498,
    831.6029360704401
  ]
}