{
  "n": 50,
  "m": 2,
  "seed": 129,
  "capacity_ratio": 0.5,
  "capacities_mode": "random",
  "weight_min": 1.0,
  "weight_max": 100.0,
  "profit_min": 1.0,
  "profit_max": 100.0,
  "weights_integer": false,
  "profits_integer": false,
  "generated_at": "2026-06-23T12:33:31.474749",
  "capacities": [
    690.2033283089025,
    526.6825680812145
  ]
}