{
  "n": 100,
  "m": 3,
  "seed": 71,
  "capacity_ratio": 0.5,
  "capacities_mode": "random",
  "weight_min": 1.0,
  "weight_max": 100.0,
  "profit_min": 1.0,
  "profit_max": 100.0,
  "weights_integer": true,
  "profits_integer": true,
  "generated_at": "2026-06-23T12:26:24.582558",
  "capacities": [
    744.2151447994422,
    789.339703522975,
    830.4451516775827
  ]
}