{
  "n": 1000,
  "m": 83,
  "seed": 54,
  "capacity_ratio": 0.5,
  "capacities_mode": "random",
  "weight_min": 1.0,
  "weight_max": 100.0,
  "profit_min": 1.0,
  "profit_max": 100.0,
  "weights_integer": true,
  "profits_integer": true,
  "generated_at": "2026-06-23T12:26:41.288698",
  "capacities": [
    206.16394806959008,
    414.8566657003148,
    334.3766658631674,
    193.05035327955747,
    188.3046582784174,
    248.37764473718477,
    268.5851429544849,
    358.60966369162253,
    264.4704234151175,
    360.9479905004768,
    273.91394499897785,
    203.01934771119898,
    400.1431197993328,
    223.3786448256289,
    271.16173338160405,
    239.95112997375796,
    382.18097373213044,
    399.0102919900943,
    439.2209920649569,
    155.34942576461674,
    440.03280753856774,
    339.9204638663013,
    380.7755162278452,
    186.05948413383547,
    450.92131100130405,
    198.47412260792544,
    422.60382937451004,
    438.72925088908573,
    245.38819656267196,
    183.383512107001,
    326.72735715065926,
    275.5861912408726,
    152.49399808320513,
    416.7742615915645,
    419.53022354215284,
    444.2729525525293,
    197.63418696694671,
    281.53373118380335,
    344.9201764751635,
    370.5266852348326,
    262.1610291010999,
    274.82046037133637,
    272.1861505632719,
    199.4876366599797,
    391.7535348439003,
    279.23784348758613,
    262.4958448491582,
    374.6061906124305,
    451.41986041142957,
    224.58901325919553,
    176.83174604323057,
    409.21612967672854,
    346.6127653953173,
    404.5613233478066,
    181.8540625040677,
    205.84814581396355,
    184.8060349938488,
    205.67865275984607,
    364.9814091952456,
    337.3233131456896,
    419.95716701028505,
    192.05323364069594,
    275.2301470175831,
    247.63025544272216,
    294.03184436911334,
    345.9125880326866,
    308.5088017584302,
    158.95649455464383,
    326.5910823291485,
    172.47436231545234,
    296.4068194636005,
    174.32776972351735,
    242.30810474823573,
    336.5817153238419,
    410.5769657699147,
    181.41474136419248,
    411.84770044196034,
    158.26970541936922,
    361.44769004262884,
    329.10528341724256,
    443.1967698415127,
    399.12897049200103,
    415.7096213830794
  ]
}