{
  "n": 5000,
  "m": 329,
  "seed": 42,
  "capacity_ratio": 0.5,
  "capacities_mode": "random",
  "weight_min": 1.0,
  "weight_max": 100.0,
  "profit_min": 1.0,
  "profit_max": 100.0,
  "weights_integer": true,
  "profits_integer": true,
  "generated_at": "2026-06-23T12:26:48.494863",
  "capacities": [
    262.5886766045649,
    340.5489987799696,
    494.0479983165526,
    427.7370252310583,
    282.32826442047326,
    411.01246417809455,
    338.0959695406754,
    228.99821358477246,
    258.24352656009984,
    278.2749817619675,
    495.36106464959477,
    359.85292607640037,
    395.558049987975,
    349.3924988835598,
    428.06524242548534,
    200.42568162867056,
    246.0920957589729,
    237.53474015494322,
    283.05614145782107,
    486.51901645179,
    432.45019047031485,
    252.29768455733708,
    504.8008595158733,
    546.3285752456416,
    367.9453887302033,
    194.04532439503203,
    507.4369746358821,
    217.93978090604594,
    411.1496150580333,
    510.2689574423996,
    522.7359845791578,
    338.5217917704196,
    322.2592059446238,
    431.98734495547654,
    220.31977318614958,
    538.6308089045731,
    456.92051820655183,
    239.0760003485911,
    228.39126287756807,
    460.74461135024194,
    534.8139038982287,
    381.42479667904496,
    496.01524599648417,
    541.0614136982167,
    534.2989134445368,
    280.5970104572836,
    516.7605704538364,
    275.4721191695359,
    232.25212497097803,
    487.69433980512304,
    309.5140372838448,
    404.70262647254697,
    332.1559197597355,
    465.9301968443938,
    274.6738646636094,
    344.4420143007526,
    240.46357717966492,
    251.9875432897674,
    548.6189304799499,
    350.6400194160141,
    281.5292864685917,
    406.6265219076921,
    369.63112293161663,
    326.4657793255621,
    540.701765610664,
    304.7382047394896,
    344.7825183915916,
    441.4329812026201,
    546.1525786254887,
    514.8454094749541,
    536.3205734975238,
    322.0963908984216,
    453.72446964265646,
    493.17264867126926,
    194.48031187643468,
    547.4550824658702,
    412.7227750195547,
    500.6774000177802,
    433.7761713572157,
    537.7672058005456,
    444.39791992603216,
    481.01930224401,
    276.06890356187597,
    392.9091995975081,
    302.0429479058047,
    544.34923472108,
    322.04305122184866,
    489.7706358776962,
    232.16887062241264,
    510.18727815680256,
    506.7140797742662,
    331.60366911015166,
    526.1750022380672,
    333.28490170171733,
    551.6306612627138,
    281.98752638529993,
    220.2988854885102,
    493.673656969184,
    274.49560117248313,
    265.1372560844944,
    518.8812107396134,
    528.4523376682271,
    422.2543009117594,
    514.8579897884005,
    472.7851819924851,
    338.25379963897745,
    199.26043889181534,
    509.9975480806159,
    493.8565598663305,
    537.6355094117671,
    362.439997735247,
    340.7441750172378,
    500.561885405522,
    454.3644795508133,
    513.8480229599602,
    492.75311781213173,
    494.30558690967945,
    447.30901077046747,
    375.59381407859183,
    317.9379916267465,
    411.3422768379128,
    490.21020683728864,
    461.9781774986773,
    355.78548953946444,
    196.82295563254436,
    206.05961514151488,
    426.07610049567296,
    421.807783539518,
    481.84660559628503,
    237.40843718602443,
    336.1536494557838,
    421.113551027005,
    303.70505157949793,
    217.3062275495377,
    245.5187967813826,
    379.337820812805,
    548.5223054079461,
    496.62726742231075,
    471.4496928886693,
    502.72548366813334,
    442.5582425824631,
    482.4523486657435,
    305.82399783171434,
    365.1549431098194,
    461.0027748967403,
    283.90823659015206,
    443.19776899155727,
    495.189298875537,
    485.0225468216223,
    260.7619708787195,
    341.31712199848295,
    254.50124394380938,
    513.7094747968711,
    539.2261148737005,
    516.6771790641868,
    270.40003294138785,
    540.4772037047248,
    531.147634024786,
    428.13415482729704,
    420.49066230175697,
    525.0760950954542,
    550.1880234188181,
    260.61360578994265,
    448.3462033454803,
    249.5995087760797,
    336.29288690873403,
    346.69421958199166,
    283.7133735666444,
    219.85509298721928,
    323.933479860618,
    540.1540956024545,
    230.4134785951429,
    454.8113868705736,
    349.02890769158785,
    529.981924945238,
    355.95199171702706,
    438.0259904585325,
    230.8471080014502,
    452.9378818863458,
    257.7315129664884,
    508.3150798589693,
    478.52584223808344,
    294.09072096616285,
    371.052969998173,
    235.2090355547369,
    506.225368664212,
    410.5834430472697,
    558.0556576425543,
    292.2265407700492,
    439.3616330080697,
    342.74829569182924,
    339.0880744930345,
    241.08498332002216,
    294.9233919417807,
    284.32609857767045,
    417.15133335536126,
    525.2565346038017,
    324.57453355613677,
    442.00351435750713,
    357.61519469203574,
    190.46661278285572,
    236.33081616958975,
    307.2597562204797,
    445.2716887029314,
    442.96844836729724,
    452.8528740315402,
    451.0304751770778,
    461.3506235951096,
    282.2457653990474,
    222.1758922997527,
    208.54289473729443,
    310.8489412687591,
    274.2645663501638,
    525.5918076333793,
    558.6274404269438,
    537.1975319530819,
    547.606122869128,
    409.89269938630827,
    465.88078539912414,
    203.60117003969302,
    281.2870464162826,
    417.8894459525907,
    299.51948816443127,
    333.9273216791643,
    325.0460992663976,
    547.9226089240257,
    395.4592852658534,
    403.2696821330174,
    283.76333862712244,
    374.62797351170053,
    533.8403321927348,
    514.2718343854397,
    235.85106598586745,
    305.04702996070324,
    384.58464868398966,
    239.5371561502956,
    230.22370529300522,
    203.0974182872892,
    234.34021808496152,
    511.95139408306005,
    498.1883585191555,
    465.7245990225478,
    532.3138609999088,
    292.21096334631886,
    513.9133972075413,
    415.37898943109263,
    470.85297926651026,
    285.0570599936831,
    303.43950366054486,
    519.7863231143041,
    304.3847462537894,
    557.8159008952381,
    471.64105156498607,
    243.0712716302258,
    504.99219333388544,
    431.98319256264773,
    484.53418162352585,
    206.47888833320928,
    242.0844753284006,
    272.40554931174313,
    199.99964507483185,
    283.7380752495074,
    450.1010200146885,
    349.50333146601554,
    558.0535277649617,
    532.6756319401343,
    201.83946552867863,
    319.6786484472188,
    451.2454463150449,
    367.7056069790849,
    370.6127054930162,
    502.3066906423855,
    510.15979549098205,
    232.76621161935972,
    221.54082578285136,
    510.6426833764251,
    254.0405705118989,
    249.42746682389802,
    376.4907780851762,
    288.42867172833536,
    519.122986804113,
    405.2069272847071,
    404.41194422381847,
    549.2548684265274,
    382.93930550692545,
    399.64969151871315,
    342.0346808233136,
    215.29206100952374,
    473.34970158559327,
    439.2570783050941,
    517.8066716586269,
    196.3046424774684,
    440.9007174801935,
    440.6495580825564,
    333.73062536306423,
    406.9465862199875,
    541.6381839416931,
    498.9994501439675,
    244.00834755968012,
    216.86999133090595,
    496.6563211443266,
    432.7743816113624,
    356.08174500475957,
    543.124265053721,
    408.3894027937608,
    188.7815254229605,
    548.5618404843107,
    431.5178795271839,
    541.5173017448687,
    307.8828587768621,
    459.6491116922161,
    460.6845782839141,
    543.9458359958618,
    399.041560448764,
    265.50315908998505,
    204.78444853051087,
    426.84178774940267,
    307.23171437396246,
    207.34210704969882,
    213.01111551638942,
    541.8921064220186,
    328.96117193692623,
    335.4805847551885,
    253.05369052601804,
    546.7997474733502,
    509.6507888420801,
    219.90250819149958,
    504.73547556521703,
    247.4290770318314
  ]
}