{
  "n": 100,
  "m": 3,
  "seed": 46,
  "capacity_ratio": 0.5,
  "capacities_mode": "random",
  "weight_min": 1.0,
  "weight_max": 100.0,
  "profit_min": 1.0,
  "profit_max": 100.0,
  "weights_integer": true,
  "profits_integer": true,
  "generated_at": "2026-06-23T12:26:24.549232",
  "capacities": [
    1070.948733932631,
    1053.9917643262122,
    509.0595017411564
  ]
}