{
  "n": 100,
  "m": 3,
  "seed": 65,
  "capacity_ratio": 0.5,
  "capacities_mode": "random",
  "weight_min": 1.0,
  "weight_max": 100.0,
  "profit_min": 1.0,
  "profit_max": 100.0,
  "weights_integer": true,
  "profits_integer": true,
  "generated_at": "2026-06-23T12:26:24.573796",
  "capacities": [
    976.3617363979747,
    820.2491574121091,
    701.3891061899163
  ]
}