{
  "n": 200,
  "m": 8,
  "seed": 796,
  "capacity_ratio": 0.7,
  "capacities_mode": "random",
  "weight_min": 1.0,
  "weight_max": 100.0,
  "profit_min": 1.0,
  "profit_max": 100.0,
  "weights_integer": true,
  "profits_integer": true,
  "generated_at": "2026-06-23T12:33:44.341610",
  "capacities": [
    1018.2963451004758,
    781.7173166210882,
    1094.3131451209301,
    948.52560986208,
    1063.3529987536172,
    1214.984408704175,
    987.9123985688818,
    511.79777726875193
  ]
}