{
  "n": 1000,
  "m": 83,
  "seed": 52,
  "capacity_ratio": 0.5,
  "capacities_mode": "random",
  "weight_min": 1.0,
  "weight_max": 100.0,
  "profit_min": 1.0,
  "profit_max": 100.0,
  "weights_integer": true,
  "profits_integer": true,
  "generated_at": "2026-06-23T12:26:41.283770",
  "capacities": [
    281.03529856379413,
    215.18414680906764,
    301.0114394435055,
    389.1817041330568,
    395.7018967364359,
    376.65092368947336,
    307.1693205622062,
    214.33528129083587,
    296.28618645926844,
    310.8997716460576,
    205.3732936472221,
    161.6652492559761,
    419.35523297166327,
    380.8928815658031,
    264.90471846488543,
    208.98649739911303,
    293.1164902424878,
    226.47550039505427,
    336.65322164159346,
    402.31635677368433,
    315.8989210886428,
    184.88968937161164,
    195.38265957073352,
    295.7821894923482,
    415.570232993254,
    265.50622967311995,
    228.1653130574979,
    410.1106609139788,
    320.2063102763972,
    384.4995954381278,
    318.80930741715207,
    321.8396861674227,
    428.0137733598557,
    217.28042747327225,
    236.38529632111482,
    404.25955405850806,
    223.32016327152675,
    349.578803546761,
    281.68632282065846,
    292.5078490699343,
    392.94668666102666,
    361.07564847296084,
    244.18701671623396,
    386.1419213835507,
    241.21707689435414,
    388.7520735186481,
    331.96473334444636,
    416.0121042370047,
    177.2473811515548,
    363.126853866856,
    230.83524625614328,
    411.1616951231498,
    283.19261067052486,
    244.18226483028036,
    348.28314939374997,
    394.10467913168196,
    164.44998246782455,
    296.67780413504084,
    227.23466605003952,
    236.9709470535843,
    167.42825101663962,
    419.79749108796307,
    324.9053411122791,
    246.68065738922752,
    220.64486687122394,
    261.2441158687656,
    423.51081515709944,
    224.41131698148004,
    260.3608746766404,
    398.48932194089497,
    316.48969008359353,
    369.87878034120195,
    276.6101217635486,
    167.99405792647744,
    306.52454333586974,
    420.68383527708323,
    248.96030921321477,
    359.50276290028296,
    242.3948432700913,
    246.4923974745394,
    412.98515981891364,
    233.93354180845927,
    200.92396625275023
  ]
}