{
  "n": 1000,
  "m": 83,
  "seed": 50,
  "capacity_ratio": 0.5,
  "capacities_mode": "random",
  "weight_min": 1.0,
  "weight_max": 100.0,
  "profit_min": 1.0,
  "profit_max": 100.0,
  "weights_integer": true,
  "profits_integer": true,
  "generated_at": "2026-06-23T12:26:41.278783",
  "capacities": [
    159.0090925955449,
    298.48586009913197,
    310.5246822194997,
    373.4478772167129,
    301.17512692951493,
    332.7726112675583,
    313.21232422809805,
    237.84299071439096,
    298.4639241843231,
    236.71084735318894,
    401.0342871844833,
    282.84101720996335,
    232.96039200085872,
    194.66698661804534,
    219.70028761058876,
    307.7338848354035,
    335.0928500784692,
    184.73281994861782,
    337.55718394843103,
    287.36369967136693,
    331.1228656977247,
    200.77670182795646,
    284.6922809982197,
    374.07392984121594,
    394.1128301879651,
    225.30177760133333,
    270.7986386700958,
    300.91950989543307,
    287.28810517848933,
    236.32286890418766,
    228.81697595370647,
    269.9614194624946,
    179.50031824818493,
    421.9884224278374,
    262.4233412260283,
    338.9714035960457,
    393.4217457598815,
    268.36844899812,
    412.02378976410637,
    372.9746190702974,
    353.4445633572297,
    429.8748962963799,
    435.5116854944628,
    392.2188618961796,
    369.28684404622715,
    336.11626432436793,
    258.51508001961565,
    418.94806385548844,
    304.5027809323609,
    392.50341831091225,
    323.38403248951283,
    190.5222940225516,
    173.5797730209174,
    254.49476941918022,
    293.1879249431445,
    360.9014034531781,
    156.4784779236356,
    426.48966529605303,
    372.33429625403045,
    210.89642322574613,
    241.04702172827274,
    332.3943069427224,
    455.1630969156943,
    349.91839525267096,
    286.8913619115095,
    376.0723149397799,
    443.9413007657353,
    159.00399171073326,
    241.7622395897786,
    179.43131254424745,
    333.12311429074737,
    317.1363062604637,
    272.03755082501823,
    298.8497336016762,
    352.588263781451,
    362.6945915799495,
    254.88862845223034,
    432.3960399072999,
    361.7271726345101,
    299.6121185640925,
    420.0624498911874,
    438.6181476317852,
    236.2602824737556
  ]
}