{
  "n": 500,
  "m": 42,
  "seed": 54,
  "capacity_ratio": 0.5,
  "capacities_mode": "random",
  "weight_min": 1.0,
  "weight_max": 100.0,
  "profit_min": 1.0,
  "profit_max": 100.0,
  "weights_integer": true,
  "profits_integer": true,
  "generated_at": "2026-06-23T12:26:32.177462",
  "capacities": [
    150.6553908312968,
    378.5488783173912,
    356.28191529473287,
    157.05266544844676,
    298.4018986562288,
    396.2177255730673,
    199.61472188114539,
    323.21175788320255,
    266.80667191442933,
    399.07514873363067,
    170.70425161001606,
    356.5271293129884,
    363.9994327980229,
    409.83530644135675,
    436.72281029805436,
    411.03909046587,
    171.81632327665088,
    357.04626527248536,
    270.7457111662662,
    247.41768289319157,
    287.7408508066999,
    214.90698186044014,
    372.90023020271,
    286.59185619907123,
    335.1851633771418,
    214.7384067756725,
    148.71696140734915,
    255.40682812777783,
    169.62637058363808,
    312.76501818915926,
    438.3647110951711,
    223.2716838308589,
    233.47607878885677,
    284.6355743850777,
    253.06503708442344,
    395.8545089220203,
    346.6154695302822,
    184.72224616061354,
    250.5195248432919,
    165.1017743705085,
    442.1670470078146,
    198.90689838294674
  ]
}