{
  "n": 100,
  "m": 3,
  "seed": 67,
  "capacity_ratio": 0.5,
  "capacities_mode": "random",
  "weight_min": 1.0,
  "weight_max": 100.0,
  "profit_min": 1.0,
  "profit_max": 100.0,
  "weights_integer": true,
  "profits_integer": true,
  "generated_at": "2026-06-23T12:26:24.576960",
  "capacities": [
    1078.1846187290673,
    608.5719051809982,
    803.7434760899347
  ]
}