{
  "n": 500,
  "m": 42,
  "seed": 51,
  "capacity_ratio": 0.5,
  "capacities_mode": "random",
  "weight_min": 1.0,
  "weight_max": 100.0,
  "profit_min": 1.0,
  "profit_max": 100.0,
  "weights_integer": true,
  "profits_integer": true,
  "generated_at": "2026-06-23T12:26:32.172243",
  "capacities": [
    440.78277641004803,
    389.16556870905777,
    349.9730453391293,
    169.95454400088167,
    278.6755310310004,
    419.1573229619983,
    418.21384361479295,
    166.8287114608704,
    310.83629427773116,
    392.3785843954173,
    358.3874383746589,
    310.87765216779707,
    263.03600825253994,
    324.580642062336,
    175.128652913985,
    464.35678437137756,
    182.03125180520388,
    226.70858711314602,
    479.0433387878286,
    353.4074291987264,
    208.14113168933142,
    244.27007692945293,
    312.43874030551655,
    199.9063337943926,
    166.96334249514072,
    180.95167943699155,
    184.86612465800664,
    249.76836193280104,
    363.45217744238926,
    225.71111500942382,
    326.1491630774166,
    279.40905334977197,
    319.54222505983716,
    325.63228922349714,
    257.06855916199476,
    371.14636628650794,
    473.3295183785632,
    367.3326789341932,
    474.658534879246,
    330.7880258801495,
    341.3862949577322,
    289.5641998691164
  ]
}