{
  "n": 1000,
  "m": 83,
  "seed": 49,
  "capacity_ratio": 0.5,
  "capacities_mode": "random",
  "weight_min": 1.0,
  "weight_max": 100.0,
  "profit_min": 1.0,
  "profit_max": 100.0,
  "weights_integer": true,
  "profits_integer": true,
  "generated_at": "2026-06-23T12:26:41.276240",
  "capacities": [
    309.8844071871493,
    375.31631084525145,
    428.66587317744046,
    376.9920484195276,
    376.8223355072266,
    171.83735121710995,
    188.34537556396683,
    394.0618616425644,
    225.4511806023101,
    337.00743125242695,
    419.27661708526006,
    248.53602773877756,
    208.46390112195672,
    229.6251031452016,
    187.88549057056292,
    269.9911914098026,
    399.53121661245876,
    191.80501771927692,
    189.6349231334173,
    216.64582192476135,
    216.53003377524604,
    169.82038840037632,
    169.4290736815197,
    296.88166809676903,
    218.5043230162268,
    402.46311056849237,
    240.81459284034318,
    317.9336351710612,
    202.332390790662,
    334.83011163172523,
    458.5020873548262,
    307.48366327954676,
    434.8345509651367,
    334.9368182024735,
    305.2155460757011,
    386.403630975783,
    180.6217135152241,
    179.67479592772213,
    219.33234430938103,
    308.942876559117,
    255.5546947823158,
    233.29074199024092,
    379.4075287044321,
    296.9108628670352,
    384.67310409600555,
    204.2016539949621,
    354.8969700850776,
    417.54987343753635,
    416.09402555362544,
    450.5634600436675,
    330.6311748864423,
    216.5062533980409,
    260.4581877581737,
    159.9079390231209,
    390.9050573351564,
    162.9398815261145,
    436.8870746982711,
    313.3179504187063,
    379.9068434600526,
    242.95458048326998,
    402.5821129230063,
    451.8922006547296,
    237.64203280490543,
    332.5165061705142,
    252.77260889732108,
    183.7757581903157,
    258.0349505469284,
    369.48114596277384,
    276.3550658375186,
    294.9321877640784,
    323.1414809129592,
    212.87968041044576,
    347.7403082441467,
    320.26854742624994,
    457.1804611518223,
    456.1603274219567,
    413.8865366254061,
    321.1943068578541,
    380.72084008763056,
    429.11685235331646,
    365.22511035233515,
    201.81664142768156,
    302.85963742007374
  ]
}