{
  "n": 5000,
  "m": 329,
  "seed": 48,
  "capacity_ratio": 0.5,
  "capacities_mode": "random",
  "weight_min": 1.0,
  "weight_max": 100.0,
  "profit_min": 1.0,
  "profit_max": 100.0,
  "weights_integer": true,
  "profits_integer": true,
  "generated_at": "2026-06-23T12:26:48.556365",
  "capacities": [
    495.67193418554206,
    450.99945784337166,
    420.4448246404948,
    416.69905191722216,
    530.6116404377252,
    473.1129930835615,
    436.16008038387696,
    445.7079933557268,
    487.96423872591373,
    211.5997999468653,
    381.61213637902097,
    457.085181592708,
    438.4771805820026,
    198.94010551405256,
    459.2334612539797,
    294.43904855632144,
    536.7744961462121,
    296.4246994343737,
    299.1906123536249,
    490.52586248919476,
    353.053175722565,
    237.43882255389713,
    232.00820410604902,
    387.9348617642854,
    468.62015669825803,
    200.37801637216347,
    533.9040362254984,
    475.42678158375134,
    355.0085721086227,
    266.81474695453346,
    547.1406312233203,
    572.0264947778518,
    402.86348155459103,
    258.7157581524284,
    336.5118894688658,
    199.30180707952815,
    327.7369455002243,
    310.4308013129723,
    426.4122227086012,
    413.45804544867866,
    453.53755394428816,
    431.4735900181665,
    275.4583024576388,
    266.6659758332943,
    551.3369901616143,
    432.53133714056884,
    334.0208607070701,
    531.0051530071968,
    376.1081884102549,
    518.0433632342838,
    433.8102541118271,
    516.1112855608482,
    549.1577688307975,
    562.2335120289983,
    527.3343120323573,
    335.92378421789846,
    368.2481786241575,
    489.5983060784225,
    543.3031239317834,
    241.94462162631987,
    286.14650816982925,
    391.01901880367325,
    305.9298955929125,
    389.0642978619944,
    575.5122806689012,
    339.5039644701683,
    365.40572404350786,
    427.1858404739851,
    443.15626761779464,
    202.16066918311523,
    487.93951092129885,
    334.9074379950691,
    233.98451698096895,
    401.0657634439618,
    372.0301073587487,
    439.5337875282409,
    473.8407410223099,
    451.44665989899903,
    244.8768767982825,
    249.1656235990129,
    232.57257311436103,
    351.75890250878194,
    587.6654246454209,
    214.60469551076014,
    265.8284297680298,
    252.5105586783482,
    375.7023183680023,
    473.3121888939658,
    313.2914718958035,
    242.71958450944152,
    255.87631009798918,
    199.20114594415546,
    369.0634452445819,
    438.18994694052606,
    431.01403924701435,
    218.32998262715,
    333.06487101211746,
    199.826495969182,
    240.30118522194658,
    364.679036271275,
    549.0905936892087,
    253.15131292927936,
    533.6278479863473,
    359.555761848732,
    299.30128639103077,
    491.69889928974095,
    461.90595038177725,
    543.9763794188495,
    498.6504019999419,
    387.62223702841465,
    304.86183575505794,
    257.27302324940155,
    403.02961328236995,
    371.2430921846829,
    318.701058357904,
    421.3554441549642,
    377.66312157168693,
    320.09044466285644,
    207.12368513558016,
    316.23858976692327,
    292.97507263279573,
    217.631971587934,
    249.6187203734373,
    367.9246503456763,
    363.9906346012346,
    392.200951876463,
    580.7042923571036,
    228.3013782531168,
    291.8369230869449,
    226.43540564551287,
    286.09563167020497,
    362.9590724882994,
    218.35276616953917,
    340.2119949471381,
    454.02997729804196,
    317.2374310122592,
    353.7255329130131,
    511.02664629771095,
    462.0389082821785,
    351.8347085396572,
    363.3665870431629,
    526.5613165646862,
    587.8948384177457,
    383.20480123208756,
    412.2011099502425,
    362.9614105231985,
    420.46869734445175,
    440.57869970682304,
    296.1389878814489,
    559.5902141030678,
    312.55299325568336,
    377.3835209579293,
    487.84259161513114,
    297.4571303462627,
    559.2415007391268,
    211.90936680305748,
    238.9506731778826,
    411.6010958439381,
    520.9677407413817,
    208.41894994492876,
    414.4219722110363,
    283.1257720413354,
    379.44960759420644,
    570.2222744082048,
    288.3670462589396,
    458.9410531346109,
    352.0296024253391,
    264.88049523267097,
    319.43272710579333,
    321.7265576213119,
    349.7329275154464,
    484.04386977045345,
    447.6294737606211,
    435.42782754406016,
    587.3828579965951,
    321.4800716285909,
    445.6382018184073,
    533.4195215915048,
    425.0101825165607,
    483.26086485587655,
    282.51101354371036,
    494.10996814190304,
    353.58052674877393,
    332.4834056172997,
    521.4088737634089,
    402.73731035284044,
    276.53408477571,
    576.0411607776061,
    581.5405432796763,
    570.802646767362,
    213.02937117201952,
    324.5957186560744,
    313.9212976109595,
    422.3536493696995,
    448.70186589623955,
    446.95243419452186,
    338.8462556766517,
    253.4148611047345,
    554.4627750772987,
    214.896830275913,
    407.0254220293593,
    317.39437289480685,
    394.24995084216846,
    331.8143504075767,
    496.3540045987856,
    516.984032818668,
    271.75671540802665,
    504.3729544588611,
    330.6217376186167,
    549.9274357554842,
    245.4040521927499,
    546.3114052390038,
    373.09809550211963,
    261.8232693620207,
    582.0871683829828,
    323.37301681600235,
    248.40366356062086,
    284.34012308276704,
    337.1714251598786,
    328.0618676782611,
    378.3628267128645,
    298.49271155427084,
    197.80023737388638,
    492.4564073854014,
    453.67090794537444,
    256.90293678884456,
    349.8465385942185,
    564.0632461680979,
    548.7682822472121,
    539.1466414895261,
    275.87498923578704,
    467.2239827321279,
    563.4497416966987,
    527.6971336596795,
    367.747847268777,
    511.4375675239766,
    307.64279855883035,
    310.1983206074521,
    244.75779060760553,
    329.3735232865188,
    463.4272059428893,
    460.8055557963177,
    565.8624029980233,
    588.3125884812297,
    306.20704520654147,
    410.3695605073365,
    451.18603683222426,
    451.0920932020681,
    491.0052547820278,
    310.9371252040914,
    227.6574561297406,
    473.6521527393693,
    360.58192996898924,
    309.07299399177066,
    589.5514625424316,
    302.02219040918675,
    352.591779026694,
    266.16234268609884,
    381.6345432764544,
    431.70785882901936,
    545.0935268028072,
    522.2262295316901,
    455.33445158848644,
    393.6927992345158,
    344.6775166272293,
    414.4449412553907,
    513.3158434009256,
    422.1780458571972,
    226.23583092252633,
    524.1165417236812,
    584.6739618471861,
    530.5135826507195,
    252.35730608674388,
    464.03429353248686,
    265.76770082261623,
    269.9979548077025,
    324.6487505430526,
    198.1905329592788,
    559.0404928056391,
    412.6713373349532,
    391.89751346091253,
    330.0339898107516,
    456.70374850862555,
    305.7294834638345,
    512.24517052448,
    532.6246720238216,
    541.873864654759,
    524.9194282310164,
    384.33115485514276,
    291.2327815020386,
    384.7146040521781,
    341.2893163820499,
    255.07765157249395,
    245.54040195860463,
    415.7161643713614,
    316.59965431938434,
    354.518262382678,
    346.9815362243511,
    502.12413576165216,
    550.0660607083395,
    314.9691878192662,
    457.49137807175765,
    220.97663140965807,
    262.9157465973997,
    277.4364524576706,
    348.68030278958764,
    406.7680894496471,
    397.2882322483689,
    347.4579139969709,
    316.57449244605186,
    350.45578521625794,
    544.5464500786941,
    200.85554166728258,
    453.36024830614303,
    327.2912726356189,
    573.2382198231418,
    424.72204131949593,
    272.37825621139075,
    566.0012787967756,
    304.9504463283002,
    455.7306580999927,
    496.07260105028666,
    445.68431859354496,
    539.7957490090301,
    342.74383826321247,
    460.51256667618117,
    341.11158567328096,
    447.80852697817977,
    558.6940925979962
  ]
}