{
  "n": 500,
  "m": 42,
  "seed": 52,
  "capacity_ratio": 0.5,
  "capacities_mode": "random",
  "weight_min": 1.0,
  "weight_max": 100.0,
  "profit_min": 1.0,
  "profit_max": 100.0,
  "weights_integer": true,
  "profits_integer": true,
  "generated_at": "2026-06-23T12:26:32.173927",
  "capacities": [
    193.18843066057272,
    207.24630080516005,
    246.12326469884388,
    296.3277727937621,
    266.94305042636984,
    401.0780241035593,
    331.28261388447197,
    366.19304754802994,
    168.04871553366186,
    143.69436474220416,
    218.4216689368691,
    174.4378681036177,
    349.7381611469874,
    257.36969707627105,
    283.785174698799,
    293.9383036390464,
    149.50633303268697,
    194.36143556706784,
    275.5279467806888,
    344.18123930174426,
    253.2927083393029,
    345.47010450949205,
    307.9240022939122,
    257.32753358471336,
    373.85965151477643,
    271.1878645192148,
    292.9503124643309,
    334.13933180461197,
    375.9187270041341,
    398.4384764102442,
    347.6217776546249,
    386.8445957742108,
    337.0688322941996,
    355.50071380046757,
    348.2876268287099,
    372.9117727897371,
    399.2595463883342,
    398.18633113194863,
    143.6244891050474,
    382.64497510287316,
    382.6196307796817,
    243.52758242501807
  ]
}