{
  "n": 200,
  "m": 8,
  "seed": 793,
  "capacity_ratio": 0.7,
  "capacities_mode": "random",
  "weight_min": 1.0,
  "weight_max": 100.0,
  "profit_min": 1.0,
  "profit_max": 100.0,
  "weights_integer": true,
  "profits_integer": true,
  "generated_at": "2026-06-23T12:33:44.337454",
  "capacities": [
    569.4773194024349,
    813.5263618373106,
    1270.5590842391675,
    499.32079036215003,
    1383.7271468685367,
    689.3158424956339,
    813.0719507513699,
    1248.001504043396
  ]
}