{
  "n": 100,
  "m": 3,
  "seed": 42,
  "capacity_ratio": 0.5,
  "capacities_mode": "random",
  "weight_min": 1.0,
  "weight_max": 100.0,
  "profit_min": 1.0,
  "profit_max": 100.0,
  "weights_integer": true,
  "profits_integer": true,
  "generated_at": "2026-06-23T12:26:24.539938",
  "capacities": [
    827.7084150719182,
    810.0177934764266,
    807.773791451655
  ]
}