{
  "n": 1000,
  "m": 83,
  "seed": 60,
  "capacity_ratio": 0.5,
  "capacities_mode": "random",
  "weight_min": 1.0,
  "weight_max": 100.0,
  "profit_min": 1.0,
  "profit_max": 100.0,
  "weights_integer": true,
  "profits_integer": true,
  "generated_at": "2026-06-23T12:26:41.304103",
  "capacities": [
    388.05609690221155,
    168.35815789632932,
    303.39726388702627,
    186.10174107588213,
    367.67699958265325,
    240.78600256872465,
    168.12890579369284,
    403.55459247994526,
    362.0731447965296,
    219.00674738839865,
    330.1464947090469,
    450.6860598954594,
    256.85865250266716,
    322.4811710369858,
    376.3189105593066,
    204.5836461961273,
    436.58210826863836,
    319.13381246030417,
    281.51206856231346,
    184.9105056556161,
    408.2737862811802,
    443.4087457664179,
    196.05430917584724,
    319.1576241120553,
    274.87172834916163,
    318.04171235078604,
    210.07101907625176,
    310.1373078354042,
    254.56453709547043,
    233.49627694577921,
    162.0148057351199,
    292.21394216231084,
    439.88870759927505,
    459.80355628016514,
    278.2496961862268,
    343.54495855995,
    368.26181508612393,
    432.0737439263787,
    229.00413456093676,
    315.3659066833925,
    322.5684418878756,
    233.55425523467045,
    390.125347127349,
    464.0160974123431,
    279.6055809698698,
    460.14256839738437,
    412.7966667231351,
    208.6260253103512,
    286.051935183293,
    363.01093035281076,
    386.80134002496635,
    294.60537801695745,
    314.2918345527061,
    329.1490412961238,
    458.69042890477914,
    182.66939118183498,
    204.96566676710498,
    285.0424607494064,
    173.859180771901,
    462.46496494243667,
    288.7546871317421,
    232.29161416611436,
    169.202606917816,
    214.213906531206,
    243.7807492024239,
    324.4484480739731,
    432.4849125990358,
    318.1014775436176,
    221.61982906257973,
    214.17994061862586,
    370.62993338773003,
    185.00369877888323,
    268.17768174017334,
    271.81998705602155,
    343.04094199321463,
    197.9888665771541,
    368.7168736394664,
    278.30774785092933,
    412.49811633692815,
    367.61116613221935,
    163.03968563913247,
    280.0306358101806,
    424.16756141744264
  ]
}