{
  "n": 500,
  "m": 42,
  "seed": 46,
  "capacity_ratio": 0.5,
  "capacities_mode": "random",
  "weight_min": 1.0,
  "weight_max": 100.0,
  "profit_min": 1.0,
  "profit_max": 100.0,
  "weights_integer": true,
  "profits_integer": true,
  "generated_at": "2026-06-23T12:26:32.163259",
  "capacities": [
    164.17514391298516,
    284.42075839066854,
    334.21846086703187,
    282.66856485581286,
    290.8173770680241,
    399.69448339637654,
    297.4818521483338,
    325.026967265513,
    382.07195109333014,
    366.37328738028833,
    352.10149936238133,
    337.02381299002457,
    234.90299004209268,
    387.77521547897567,
    222.414734984079,
    262.36794264534916,
    423.0163052150702,
    313.14803512993774,
    400.11086736567916,
    281.77324821045033,
    213.86576105583407,
    369.38657108480953,
    272.99338226505034,
    356.08499382274357,
    175.38300984100798,
    373.90598366680945,
    384.33520176330296,
    192.54578054477324,
    262.06212329111656,
    338.81799382753985,
    268.1245921192245,
    196.32695907421189,
    169.445677324169,
    216.0476421381861,
    182.007421351073,
    250.4788469328627,
    435.2681100048238,
    401.66100905369683,
    275.60561975805507,
    385.73580719671145,
    324.053795965952,
    349.28022011564315
  ]
}