{
  "n": 1000,
  "m": 83,
  "seed": 43,
  "capacity_ratio": 0.5,
  "capacities_mode": "random",
  "weight_min": 1.0,
  "weight_max": 100.0,
  "profit_min": 1.0,
  "profit_max": 100.0,
  "weights_integer": true,
  "profits_integer": true,
  "generated_at": "2026-06-23T12:26:41.260494",
  "capacities": [
    367.3620482501343,
    167.37052556837756,
    352.5095426700915,
    209.02747918650243,
    352.25601414950927,
    260.8835935406602,
    264.0814983623554,
    166.19725779126748,
    305.6371639663312,
    393.1212510026083,
    258.4754235942997,
    276.6981679566555,
    342.2857912749523,
    158.46343932241868,
    313.47382579838876,
    240.68736056254193,
    383.64524228179556,
    215.33318906218747,
    153.23489449174815,
    397.1127824516957,
    336.1335053230201,
    377.24290309582045,
    225.74855788794738,
    401.52326438661146,
    360.1946511041966,
    202.17974653987588,
    382.54553076508375,
    254.4732656407574,
    189.8314831415516,
    362.02237584448443,
    347.48834413625,
    304.1425252272905,
    167.3883343411613,
    398.18758671805637,
    374.91193729557153,
    380.16291710623153,
    400.90850406084513,
    222.98372592297923,
    346.041430247615,
    209.30076535013202,
    338.2064014218198,
    300.87054373243024,
    251.18456388456946,
    280.2279882445025,
    402.7708929608887,
    293.321259896748,
    261.57456147129074,
    179.1510880926501,
    258.80838106061634,
    387.67369598483356,
    286.467390720011,
    277.49549156701187,
    398.2481865521132,
    329.6588901970483,
    354.54771661977213,
    253.64219475510168,
    318.7938990359518,
    349.418938144904,
    383.4901647510448,
    277.9816952457246,
    143.39988460597942,
    226.85667555965233,
    276.31736677916217,
    148.9707460132017,
    213.8717596788556,
    237.99091331550824,
    138.1640771172759,
    245.14745764133264,
    369.20819552309536,
    328.49132623923725,
    399.52182224504304,
    327.4154279686983,
    386.62660347732015,
    208.15443539951588,
    380.75127424825905,
    390.12852263700836,
    211.99523217810807,
    222.9022780690018,
    369.54875153905954,
    357.9457609690173,
    321.47780853521374,
    370.61588105277247,
    254.69600944864544
  ]
}