{
  "n": 10,
  "m": 2,
  "seed": 64,
  "capacity_ratio": 0.5,
  "capacities_mode": "random",
  "weight_min": 1.0,
  "weight_max": 100.0,
  "profit_min": 1.0,
  "profit_max": 100.0,
  "weights_integer": true,
  "profits_integer": true,
  "generated_at": "2026-06-23T12:24:39.104224",
  "capacities": [
    111.12594666627727,
    144.3740533337227
  ]
}