{
  "n": 50,
  "m": 2,
  "seed": 130,
  "capacity_ratio": 0.5,
  "capacities_mode": "random",
  "weight_min": 1.0,
  "weight_max": 100.0,
  "profit_min": 1.0,
  "profit_max": 100.0,
  "weights_integer": false,
  "profits_integer": false,
  "generated_at": "2026-06-23T12:33:31.476097",
  "capacities": [
    539.9196521078643,
    720.5282384941822
  ]
}