{
  "n": 50,
  "m": 2,
  "seed": 54,
  "capacity_ratio": 0.5,
  "capacities_mode": "random",
  "weight_min": 1.0,
  "weight_max": 100.0,
  "profit_min": 1.0,
  "profit_max": 100.0,
  "weights_integer": true,
  "profits_integer": true,
  "generated_at": "2026-06-23T12:26:14.977585",
  "capacities": [
    447.02127979185855,
    740.4787202081415
  ]
}