{
  "n": 5000,
  "m": 329,
  "seed": 51,
  "capacity_ratio": 0.5,
  "capacities_mode": "random",
  "weight_min": 1.0,
  "weight_max": 100.0,
  "profit_min": 1.0,
  "profit_max": 100.0,
  "weights_integer": true,
  "profits_integer": true,
  "generated_at": "2026-06-23T12:26:48.584420",
  "capacities": [
    297.5645517889444,
    425.7396067230539,
    222.36279549442833,
    505.7727156733416,
    402.76984659003665,
    437.0955444987093,
    532.192083135222,
    268.40765121262615,
    251.125568737884,
    426.62905352575865,
    436.46571308498113,
    261.8589061000592,
    314.20725056456723,
    253.72620165357858,
    465.96976112810927,
    414.0271280363721,
    548.4749272152776,
    204.54828875149786,
    388.7107821137451,
    550.4506487037763,
    254.35205823000106,
    372.89265649677816,
    448.363059239844,
    527.4266397725835,
    424.44107077478634,
    546.8705020108955,
    453.66657072834755,
    464.69933072954007,
    550.5725772154898,
    253.08788588356856,
    352.7874010511235,
    538.2948997583471,
    521.2329449036876,
    481.077797186534,
    350.9474116117713,
    347.36951088916607,
    463.5225696247655,
    266.2047876362535,
    370.52061385162943,
    506.89185429572103,
    352.4514472277234,
    414.72468109655756,
    419.60298224456517,
    457.1386344631447,
    311.057055681863,
    388.8378924038974,
    224.45907330196752,
    299.74685117069413,
    325.6135674568792,
    205.82061267005025,
    410.4136601827501,
    521.7373725289423,
    238.72701861202697,
    437.07814487665917,
    370.20696216852696,
    423.73680846992875,
    253.0221965601086,
    549.6775215618292,
    474.39796276884323,
    406.62830435936,
    287.32441818686624,
    280.65731702422454,
    216.98741055724372,
    275.0872436069423,
    298.8933765261422,
    543.6371035516134,
    213.47634392724996,
    248.22477413388705,
    199.70588976010387,
    278.1124284588944,
    215.8978439156744,
    495.2322291608091,
    222.84114678267863,
    308.6892998641288,
    362.7194829826229,
    531.4839626105055,
    507.4874608982632,
    469.74650038996464,
    444.38373891509264,
    574.6337722267386,
    462.28252928384865,
    483.50508762976284,
    486.7069789139592,
    512.7347786142201,
    303.0108990627175,
    483.00450969394046,
    266.9927911019445,
    557.7514712694724,
    377.2320912072003,
    432.24523926333626,
    558.3449039149536,
    336.27975877087334,
    386.24096287387175,
    217.57158264616982,
    278.6589046712446,
    554.7171991080963,
    194.2106127342224,
    415.1969348620942,
    517.9143218658071,
    384.6470193511454,
    536.2347435864418,
    258.8018968747738,
    525.9014618977985,
    313.72962912859646,
    316.68378681305853,
    316.1913492690887,
    290.77229807734017,
    442.92943913173195,
    572.5451635020111,
    278.7118818786969,
    575.4106145614953,
    556.4258514323496,
    536.8519469395271,
    411.81068519467885,
    391.2478826223691,
    431.6122607645458,
    378.96569574275287,
    492.8985135263659,
    473.8973151210293,
    232.5912137282151,
    270.094936244372,
    210.57280033740034,
    197.26705330176915,
    205.05787325885564,
    383.2547970773243,
    231.7041018614439,
    376.69788102913924,
    265.4653222681602,
    493.2278089198322,
    443.43595058439007,
    461.265620130141,
    563.2749282288073,
    384.1586372536755,
    425.78987211627674,
    414.2235872016894,
    407.4130168511872,
    469.4666631740872,
    349.4098242365647,
    441.240163029606,
    344.7821822064924,
    224.24209788185954,
    352.8198929727893,
    507.86742669622527,
    480.88505881638656,
    394.5509654817277,
    283.8708513243652,
    540.717563110176,
    256.14851612661414,
    259.31184362567836,
    282.1432856480824,
    382.0402318591495,
    327.91399835445213,
    423.2444802102396,
    344.53040390551547,
    544.5944315652038,
    230.00649069931814,
    413.02576300496116,
    261.10313208799954,
    269.5466405806174,
    386.2349499462748,
    391.7484790073185,
    238.5400025807228,
    402.19018968034766,
    559.6877190236277,
    495.10056454647395,
    527.4958813842921,
    456.418945966437,
    240.4354688810972,
    494.8502444725977,
    429.6852562791341,
    433.27555402950924,
    219.16805844295877,
    566.2425751046339,
    462.0727682115671,
    569.000918390639,
    288.5406485487736,
    251.04729253893902,
    240.1423659638408,
    343.9828205683128,
    421.13157701254494,
    484.41079831993443,
    294.24828973737743,
    403.67766715128704,
    565.8034411264046,
    476.58960452739484,
    536.0488163568828,
    279.35205247334363,
    446.761228632056,
    391.8894336225564,
    574.4762436868815,
    222.24618767072303,
    339.07465059738007,
    433.90922443801963,
    244.57492747224515,
    385.9244317399675,
    226.7150471943416,
    435.50496157805486,
    285.4766317846472,
    460.56554828943456,
    520.4445342892623,
    220.54883803141166,
    377.9033666001091,
    514.6510559364118,
    252.86519707630876,
    543.2979074694916,
    529.9818078150996,
    417.30391887287766,
    463.4650039524157,
    254.04679331404466,
    420.89395554289723,
    363.7659018287907,
    329.18721612633743,
    540.0874321764454,
    367.30172119178536,
    430.3684047619954,
    295.2581771040026,
    400.9828778198969,
    470.778488689487,
    296.831682081901,
    288.2913423528985,
    450.7861174205545,
    255.98526519406786,
    464.93839870965155,
    396.9983726504587,
    399.34496891960003,
    389.1397091843754,
    388.1908426443664,
    533.1656879642754,
    408.7474269881263,
    311.5725513775909,
    205.16468989790752,
    216.16004479894556,
    353.12927535880436,
    420.7355497626845,
    568.032581415535,
    311.93569382035076,
    222.32105759713383,
    217.75312164655412,
    550.5974966037865,
    487.2347649140784,
    284.4000939606631,
    414.6636072717084,
    355.8309026695654,
    434.26753851365277,
    225.2812109175894,
    396.477495193707,
    499.4055173259903,
    545.2965680009424,
    332.9465859327864,
    385.51439185287165,
    323.49753953968906,
    291.36376812642425,
    259.5693405489736,
    420.3577773898309,
    560.2004823773682,
    336.34587683928646,
    447.57459960944266,
    269.296686988405,
    534.8729370828205,
    503.49264085291134,
    553.5027543392645,
    312.32964405755877,
    507.60326631717305,
    564.8264793369918,
    469.36009246735944,
    512.6341833235921,
    235.1643745574484,
    277.48344217087487,
    457.8050111520127,
    262.6069594017967,
    270.8963337747981,
    529.0289673710519,
    219.7366613399517,
    228.8526441058155,
    254.3204657149261,
    559.8900012981188,
    289.59779085442483,
    559.0883982004095,
    388.52413397661553,
    515.7723442864565,
    420.80643521531874,
    311.82432889509994,
    512.4776170928196,
    214.79583819985203,
    196.41967645475333,
    348.87288665946943,
    253.75059022188051,
    361.5710766908833,
    277.2357171335649,
    279.3592956052623,
    510.72333154623647,
    488.52111477595474,
    222.05475999298005,
    405.0236602201559,
    381.1922157210684,
    508.49341509799495,
    448.73538478763777,
    308.1767884692697,
    399.4609466028432,
    553.1797026587457,
    226.85281614530138,
    301.87990202741844,
    248.4882233087566,
    262.2081987496255,
    352.0708656610062,
    414.21215821135604,
    562.5668247043817,
    217.0009567764546,
    370.35637940910465,
    524.7935482081128,
    362.2653035533599,
    445.3648255085456,
    269.83697999644187,
    243.18577487108013,
    259.2618129861591,
    480.31963247462187,
    552.764228530109,
    384.1270061567051,
    379.2300757611522,
    420.05168146952815,
    270.0029852189123,
    206.3507782706118,
    435.2793760099606,
    567.9674154406654,
    515.6965154578123,
    378.80310419958414,
    568.7435989911318,
    313.5570375966991,
    296.0270365375662
  ]
}