{
  "n": 500,
  "m": 42,
  "seed": 45,
  "capacity_ratio": 0.5,
  "capacities_mode": "random",
  "weight_min": 1.0,
  "weight_max": 100.0,
  "profit_min": 1.0,
  "profit_max": 100.0,
  "weights_integer": true,
  "profits_integer": true,
  "generated_at": "2026-06-23T12:26:32.160702",
  "capacities": [
    445.96141639739847,
    288.0099364621651,
    438.80466364303516,
    251.11148937613586,
    157.4904745886404,
    393.40402025282344,
    191.86637481937902,
    218.89825466494793,
    323.4500726674611,
    459.91513313410394,
    155.43685061053304,
    174.19276890757965,
    285.965875891414,
    215.41515285969408,
    236.9201369668442,
    225.2829306271488,
    179.5615729990204,
    398.0374719600201,
    305.1425238774756,
    187.61441154277597,
    310.80452181751446,
    446.5142997937254,
    321.3166852449401,
    422.9244369538081,
    320.3009607035729,
    420.5301350153392,
    243.8788216262685,
    416.46948568313826,
    403.66135453230936,
    256.02515409323786,
    342.5608597272568,
    312.0917516310104,
    423.2095820474631,
    386.00088411658913,
    279.36200234581725,
    352.0312616592468,
    269.2226079841654,
    336.9738836929915,
    211.95235058448085,
    248.6675877800762,
    441.6562355048482,
    177.86360521360393
  ]
}