{
  "n": 1000,
  "m": 83,
  "seed": 55,
  "capacity_ratio": 0.5,
  "capacities_mode": "random",
  "weight_min": 1.0,
  "weight_max": 100.0,
  "profit_min": 1.0,
  "profit_max": 100.0,
  "weights_integer": true,
  "profits_integer": true,
  "generated_at": "2026-06-23T12:26:41.291266",
  "capacities": [
    267.3513686230452,
    217.31635589796383,
    320.54308987802494,
    449.91359965157284,
    352.5267423653591,
    272.7223547938148,
    297.9179253357844,
    390.172359544991,
    327.23079921229265,
    205.53883251856954,
    393.73807548147,
    358.25414372948717,
    289.4645046997022,
    361.1976156894523,
    393.80838439922763,
    379.6640707267819,
    410.99414706529603,
    203.88750821052184,
    395.7441414563183,
    410.70773765475775,
    376.9786813778342,
    288.8243092529495,
    399.3741479876447,
    347.12225163241243,
    352.291641634105,
    232.23860314089035,
    236.99047054512732,
    176.8284194739305,
    401.3220280379941,
    383.0603160742766,
    269.94286377600196,
    359.74465439429116,
    194.1699833090576,
    312.6933359665907,
    374.44497070919385,
    290.4933292038513,
    288.6430673527049,
    205.68369383818887,
    160.27771228893602,
    153.1757927175292,
    373.27668137766756,
    238.08522077115384,
    295.82106676199714,
    351.7371042172737,
    178.03805394439993,
    265.6568641971303,
    313.23843166888975,
    336.62579286059116,
    218.5347690642196,
    316.70843888234236,
    230.01164908152376,
    223.46113718040104,
    442.09985008416623,
    345.7892813204638,
    436.4804962904434,
    388.1230338216465,
    228.37373482069975,
    444.18050955371257,
    332.6887718724652,
    341.5702227808984,
    247.57642788916863,
    158.2954302627046,
    350.7887014332966,
    339.93504556759797,
    370.93393173993246,
    356.77210936802754,
    175.6863973425816,
    342.90837968240567,
    268.63640778817654,
    421.84747452808347,
    278.25572879302655,
    240.29520771031852,
    275.2839552028605,
    170.08666205576225,
    204.89059751684016,
    186.62958406145674,
    432.5462141078348,
    270.4563026177969,
    360.66988456254904,
    211.63144526538585,
    406.75055848469486,
    278.99259222044026,
    364.13582159902734
  ]
}