{
  "n": 50,
  "m": 2,
  "seed": 56,
  "capacity_ratio": 0.5,
  "capacities_mode": "random",
  "weight_min": 1.0,
  "weight_max": 100.0,
  "profit_min": 1.0,
  "profit_max": 100.0,
  "weights_integer": true,
  "profits_integer": true,
  "generated_at": "2026-06-23T12:26:14.979599",
  "capacities": [
    500.43924336877575,
    735.0607566312242
  ]
}