{
  "n": 1000,
  "m": 83,
  "seed": 51,
  "capacity_ratio": 0.5,
  "capacities_mode": "random",
  "weight_min": 1.0,
  "weight_max": 100.0,
  "profit_min": 1.0,
  "profit_max": 100.0,
  "weights_integer": true,
  "profits_integer": true,
  "generated_at": "2026-06-23T12:26:41.281130",
  "capacities": [
    354.3026914391838,
    239.15701668186898,
    395.00765664966497,
    340.90425115994185,
    379.7862670327485,
    180.53829353051046,
    202.02888716210342,
    353.59612246295256,
    233.72395763330724,
    167.11345245738113,
    361.4858839776799,
    351.989704821047,
    436.85967191815786,
    403.42665668923536,
    321.4433235350817,
    360.70573988125983,
    207.06486340837873,
    196.486805281651,
    215.2946446897812,
    211.61727265075154,
    413.76996531721244,
    242.4582529866044,
    342.56940355714886,
    353.61897874622275,
    380.70141016438214,
    156.08286417194319,
    406.1774364189085,
    234.07351828417052,
    437.9427141399237,
    253.30251562997793,
    155.14681202881562,
    411.7465223711924,
    193.5707298205907,
    401.4745396549961,
    206.06393995637112,
    221.24274848283054,
    224.2798441237096,
    195.1150806141931,
    427.1360897457549,
    438.6368907051935,
    438.43013888356927,
    221.3596885594331,
    333.64227857594125,
    275.3133057086521,
    362.10202448032436,
    421.05497250379403,
    201.07755267795955,
    374.296257839651,
    275.50601704897696,
    348.21522771800574,
    361.4707961336629,
    431.97881817743445,
    371.30043781560744,
    403.0607960268932,
    316.48071391595704,
    396.69960748660475,
    278.05666588299397,
    181.18810476750764,
    185.8655760685734,
    319.3815440968045,
    355.6329962824535,
    405.1689135671426,
    325.78267803871165,
    326.0074579036628,
    377.61359672262097,
    367.7820136801969,
    208.50637174941482,
    203.7758529705194,
    167.7519234958729,
    304.1335835870063,
    386.3857563576857,
    262.3917060825779,
    348.9756349326631,
    188.54742136031027,
    241.48971031964342,
    163.11725959555116,
    153.85758183827477,
    372.0427943030381,
    355.2446054906439,
    339.4360915667972,
    425.7338751933829,
    246.5844759787345,
    271.41375463191804
  ]
}