{
  "n": 500,
  "m": 42,
  "seed": 57,
  "capacity_ratio": 0.5,
  "capacities_mode": "random",
  "weight_min": 1.0,
  "weight_max": 100.0,
  "profit_min": 1.0,
  "profit_max": 100.0,
  "weights_integer": true,
  "profits_integer": true,
  "generated_at": "2026-06-23T12:26:32.182894",
  "capacities": [
    198.6331341054033,
    293.6676167887158,
    395.15192871696536,
    417.3657284395021,
    267.9902378986179,
    179.60696726546715,
    381.1282801417765,
    397.3954195740451,
    390.6109211326054,
    183.32433317561868,
    300.0561311833265,
    412.04837110896796,
    200.4160294341134,
    448.35141217954737,
    376.96048964021867,
    386.34941643004055,
    431.92981503119535,
    378.42019791201756,
    338.9500965426191,
    179.28779786330338,
    169.88665999988137,
    290.1071811654215,
    240.20499817878667,
    259.9215992025705,
    177.39694479167937,
    219.75745686942915,
    276.2722778347021,
    278.0849466487858,
    213.47332793625756,
    224.91835603862754,
    314.9626755587779,
    338.54106478028024,
    417.77288367124225,
    190.3884796719534,
    438.6413787696887,
    327.8712711787339,
    300.76905901017557,
    301.42802910817346,
    353.7118707216954,
    324.6237337336067,
    229.05958777834775,
    219.56189278711574
  ]
}