{
  "n": 500,
  "m": 42,
  "seed": 48,
  "capacity_ratio": 0.5,
  "capacities_mode": "random",
  "weight_min": 1.0,
  "weight_max": 100.0,
  "profit_min": 1.0,
  "profit_max": 100.0,
  "weights_integer": true,
  "profits_integer": true,
  "generated_at": "2026-06-23T12:26:32.167181",
  "capacities": [
    406.49398514670213,
    342.79979757659504,
    275.45878783349355,
    282.4440388444255,
    215.0793961598289,
    169.20844883746247,
    216.85902391188696,
    393.4107219264246,
    153.16705001376076,
    180.023898821364,
    337.83792171425927,
    435.99534602015825,
    164.1093421377127,
    196.87794571663352,
    313.3879786121497,
    262.56907685711815,
    221.91502900896495,
    329.11003420856474,
    342.6624798267415,
    161.18205845731947,
    431.92346270336486,
    176.46432517095278,
    217.8693989200092,
    262.24038452818087,
    270.2067320519382,
    415.8365196165341,
    421.46317878249505,
    285.9509359290218,
    382.87703488410637,
    421.97593964827456,
    424.86903950938853,
    320.9127133877262,
    388.40919771483755,
    204.8704654290385,
    167.2135039130259,
    420.90623261921115,
    282.49608508280113,
    324.93285635104996,
    384.97449383905393,
    311.41535025076723,
    247.30465655246715,
    167.2951314841881
  ]
}