{
  "n": 5000,
  "m": 329,
  "seed": 47,
  "capacity_ratio": 0.5,
  "capacities_mode": "random",
  "weight_min": 1.0,
  "weight_max": 100.0,
  "profit_min": 1.0,
  "profit_max": 100.0,
  "weights_integer": true,
  "profits_integer": true,
  "generated_at": "2026-06-23T12:26:48.546562",
  "capacities": [
    505.9944428546202,
    552.8449962856175,
    514.3175018397233,
    523.1714749838968,
    312.5983441105199,
    527.4435539911459,
    189.09668559315153,
    532.651821573782,
    301.3152691909176,
    429.31898695056634,
    494.226057879295,
    310.0656526643899,
    297.01778967223936,
    241.11958159158337,
    443.2621840473068,
    210.89226088700454,
    296.4433710839396,
    388.681618340042,
    491.4826221082657,
    518.5386970445055,
    311.25447083753215,
    505.6732282226591,
    531.9306793966442,
    555.8880309006987,
    329.9766544369142,
    493.2340852481225,
    425.18374392405406,
    403.62070850885584,
    286.8659513317818,
    334.1117263605339,
    455.81277117821867,
    519.7142637368725,
    550.6429301376792,
    318.88879785450985,
    353.6534774026979,
    259.27305436657116,
    480.39377061924387,
    500.56281368732874,
    280.87451405467755,
    346.28927860490336,
    319.4288608246879,
    260.1388675720588,
    517.1333949550223,
    262.44731840157795,
    499.7508304631238,
    387.7003822904521,
    292.5261247781594,
    541.3251654357517,
    440.8649291223798,
    501.3936988297334,
    393.92233714342416,
    431.3486991620798,
    429.7417786712488,
    438.99129139832803,
    215.34006172637854,
    492.58751818780877,
    347.76922036666235,
    536.939229181535,
    212.62437013663862,
    336.78971124009615,
    396.592225940903,
    395.5861466173506,
    434.0239077096752,
    287.55467533597727,
    408.01529392835346,
    523.0351339839033,
    194.70507052973363,
    545.0303953142189,
    536.0353608712547,
    315.8392992624835,
    411.36041972249683,
    511.94710128310436,
    302.63884174382866,
    442.54600633866914,
    230.01341579684686,
    493.6550643592231,
    413.2347487436333,
    520.5325398356795,
    483.75286697113125,
    502.2109786580615,
    192.40695688455736,
    516.2371894395211,
    322.3241860704542,
    308.09037302185334,
    325.54597001081686,
    230.76301586312002,
    481.2698307646368,
    359.0231439782139,
    274.16439350906995,
    515.2601935118861,
    411.1778049539663,
    259.5142688741116,
    300.4844438339227,
    230.65146652600978,
    279.53502879651995,
    342.263820835932,
    312.8816117901237,
    505.23903723565576,
    338.45431662348926,
    473.5053555913439,
    510.5630302567681,
    279.8596231099234,
    506.058145615303,
    523.889165222107,
    404.7250588889806,
    505.081988805557,
    455.47525987934324,
    240.06528147067496,
    254.16195108851443,
    513.389118156858,
    444.5568473926497,
    372.2393407829675,
    254.38278819743198,
    343.97060921898736,
    271.5980725452341,
    307.0708860082479,
    507.1028066884433,
    244.13799396862234,
    380.11929029662997,
    510.4338412017496,
    268.0770287268559,
    395.219881560325,
    272.6820975997939,
    450.685482681175,
    539.8530958456527,
    548.8762364132717,
    192.38899165125127,
    214.4755041598609,
    552.2599256084037,
    307.1355201337459,
    461.4265365119348,
    532.05768913598,
    214.7712725383271,
    263.20885255421865,
    327.09873717550227,
    233.89416435839314,
    520.092206141777,
    490.6510581900408,
    371.66162354530275,
    274.95052205818655,
    508.63295905631264,
    288.2677224522476,
    390.20126605324543,
    447.9417219599326,
    391.03194259388516,
    500.5500860371861,
    344.76892843213824,
    557.3874429649796,
    321.4638551910519,
    551.1095824978063,
    510.08455714762346,
    263.66472170068585,
    439.24133768921496,
    253.59011042666438,
    450.6904030471677,
    380.35369635336735,
    551.9506264719503,
    526.9289056692722,
    515.5367130731747,
    198.53556287951218,
    444.2653758731533,
    189.84455716000997,
    244.99468091501876,
    204.46528709944337,
    416.9617084381616,
    441.0837894198864,
    210.1004436008787,
    513.0707557737163,
    317.3440645228991,
    451.56721870541963,
    344.09748272649534,
    543.5330217328191,
    318.676168265104,
    372.8572156306289,
    316.5487333704701,
    536.424453844016,
    386.07183563419824,
    251.20393031627438,
    214.73952111987174,
    546.7113114449438,
    218.37599325798394,
    524.6202119600482,
    533.7895214544886,
    221.45447349295682,
    469.30472863421323,
    474.0236532594,
    444.21442571071424,
    390.2356104051468,
    516.0359228755915,
    399.47433049765027,
    507.1099575964984,
    505.368949765192,
    345.27772939482736,
    483.7390719944495,
    506.0476289626398,
    289.5874878132673,
    470.04193202491217,
    203.48087830395303,
    231.86529847367947,
    327.71833503431674,
    438.2365879163405,
    294.7687788053277,
    521.4532669800019,
    291.88856436010644,
    324.6197723759921,
    481.69754779316804,
    249.1645289140284,
    392.45001778223815,
    307.1312230687266,
    305.255047708673,
    294.25208231376325,
    532.9797191567859,
    551.4920865566068,
    334.26716178240434,
    502.8432597682813,
    217.0604458830254,
    256.7578586445268,
    499.2091883651716,
    307.0420912775484,
    337.43422763763965,
    488.09234245568763,
    187.6808197874202,
    324.4492633747299,
    333.13184273307496,
    261.33752632347733,
    300.89068463552337,
    461.9700931715928,
    298.67521897262645,
    438.06288045902704,
    376.5752989680874,
    440.7901079805755,
    313.08515199598526,
    519.859782647872,
    246.1438312846032,
    206.74536932665313,
    415.30409076500086,
    493.7581700969521,
    345.321586962746,
    193.54091758757374,
    425.57025459670143,
    307.33477950533324,
    329.3267152442154,
    513.7897898614892,
    226.08932458138554,
    280.44030338316037,
    364.4990887753337,
    233.33644456737366,
    497.6273886998894,
    311.79082812207656,
    468.0108135027184,
    465.595797526338,
    259.83928219649954,
    292.48002446048116,
    302.59036154423484,
    192.05257726729693,
    490.5760311586365,
    435.9370331019864,
    462.87794647644625,
    279.4608521411407,
    400.7396265446297,
    445.10612665318854,
    225.33957723048354,
    476.25856239917005,
    204.8008702003776,
    517.772600348422,
    480.91750768656874,
    348.4597319826278,
    509.4867881435583,
    221.34533875239813,
    503.7535480569209,
    318.98612367957605,
    489.0885078477075,
    312.93172141073893,
    347.85192458401133,
    287.90029467592564,
    499.6780396013305,
    508.002247069277,
    418.66785156780776,
    445.48063000901067,
    534.5418106108392,
    349.59689780958365,
    254.8967039163681,
    522.2815962305809,
    211.78548631944784,
    267.9744284300808,
    487.44876012542045,
    525.8148071143748,
    498.962864144174,
    492.40774018597574,
    534.807344904051,
    524.7970555025912,
    240.56944566242876,
    190.33041189378383,
    367.00720312615266,
    216.57094057923015,
    285.7244889220898,
    229.925440983437,
    286.32114865817067,
    419.47280110584825,
    314.37552724781085,
    531.7354526878004,
    442.2854167133497,
    363.15722833262555,
    328.3900879628788,
    332.3724834671544,
    423.54893084770805,
    401.0888177148264,
    376.09912162056486,
    347.6267587024778,
    394.66219320057223,
    513.3907628289353,
    345.4912658360009,
    504.95461067999224,
    339.6662943536204,
    478.31156917616636,
    398.2233952778398,
    274.6280315262553,
    257.6810753855582,
    379.59108333748964,
    502.02868412765577,
    318.06398935792413,
    207.7894341792528,
    455.069598244549,
    358.67167758326735,
    430.5967135325881,
    528.7053100455898,
    515.6577870716949,
    200.18477629372114,
    550.701936623817
  ]
}