{
  "n": 5000,
  "m": 329,
  "seed": 49,
  "capacity_ratio": 0.5,
  "capacities_mode": "random",
  "weight_min": 1.0,
  "weight_max": 100.0,
  "profit_min": 1.0,
  "profit_max": 100.0,
  "weights_integer": true,
  "profits_integer": true,
  "generated_at": "2026-06-23T12:26:48.565451",
  "capacities": [
    326.8959496717584,
    423.4887856428468,
    266.69876195480595,
    401.92926222057355,
    196.57150649793684,
    488.6599658305383,
    510.6316114507437,
    549.584839570607,
    381.5154637397605,
    391.8726555650096,
    292.3034797850477,
    501.87803461069973,
    481.9391108209206,
    434.98002035491584,
    458.78544256035684,
    448.36465522073087,
    530.2080125095573,
    505.8611098414659,
    373.556175862822,
    263.64404303023923,
    364.2789037782368,
    503.40425721744947,
    194.1736542018875,
    259.96037223727086,
    439.1029263288087,
    550.0442393279637,
    410.74630718467085,
    374.4287435637477,
    368.2056102536902,
    413.067113207334,
    494.63746192431256,
    311.2865716534971,
    510.1739767988028,
    543.6924077270855,
    513.7187926909899,
    561.8712897702267,
    463.39006812192775,
    322.6854504967409,
    249.89190648189768,
    454.816715543131,
    337.66307262689946,
    413.4420667301032,
    547.2669885694773,
    510.6344561765176,
    495.3120354432645,
    254.36543806670005,
    562.228050546019,
    201.90675514223813,
    422.41238697898655,
    382.85026106031836,
    443.36665255224653,
    428.557836801,
    359.6020420323882,
    298.37507299088736,
    227.19864858340352,
    240.1984272891624,
    226.2529805468226,
    385.40602637067684,
    234.04636903576278,
    282.3644486999492,
    469.5480125949272,
    446.00412908946385,
    261.80589325865697,
    548.3346959257328,
    561.3563178830543,
    384.3399582665594,
    307.51071002594006,
    507.5240156044965,
    229.7088039914794,
    372.9296984923704,
    528.8042298388347,
    321.56669103647636,
    233.9091416548969,
    437.91812839214055,
    519.1814943637881,
    523.2181246839264,
    242.07455442992693,
    247.774224885735,
    218.00959797039587,
    483.55650299741313,
    331.6387339899036,
    524.3129221329887,
    316.442949904501,
    340.2829258242709,
    223.05893107116387,
    462.794776396293,
    376.04321372189844,
    304.5665256102667,
    534.9914383723244,
    414.58885775807045,
    532.3582470483594,
    426.02334198687134,
    351.6583539392703,
    360.71103827140917,
    414.23428106657735,
    386.7058551341464,
    504.0607785468011,
    470.68623900463746,
    255.64971350331717,
    302.4708814762184,
    334.7414380357652,
    322.44959448592783,
    383.275325404253,
    376.3009372773867,
    289.3339748972756,
    328.1086248048627,
    293.5466653276875,
    554.7329094005806,
    525.1372095775602,
    290.86688837980404,
    284.80756918787927,
    374.5441599057954,
    391.8154302333426,
    485.6258101294758,
    362.30115849955894,
    407.96126952717225,
    278.812841854195,
    486.08381359925295,
    203.2730547176107,
    360.47307681834695,
    415.0066700732563,
    242.7552038194162,
    369.60631537474217,
    469.3461073541446,
    494.618038721275,
    432.43338127174,
    355.6812789050788,
    415.5537821715602,
    298.72570695416636,
    343.1251658417073,
    464.1327702131161,
    491.48198129882576,
    525.8842747117752,
    285.9248447189829,
    413.3907335347089,
    522.6667355885362,
    378.3530425852593,
    455.61228328824507,
    283.5662869115976,
    468.9267402688191,
    260.7463335818273,
    330.6200867748294,
    378.2270732139754,
    288.2240286005574,
    491.55303483609396,
    492.98624802428463,
    187.54237701568064,
    250.3653781885356,
    445.0211092411239,
    445.292354145683,
    461.6844983939612,
    456.3365616668871,
    478.3942191677919,
    489.8411654904746,
    446.95476222419404,
    255.4185077525926,
    359.70474613607195,
    350.9357074850865,
    284.2325027268888,
    503.30676450093586,
    293.3289806632603,
    239.68987381578813,
    530.6828313623272,
    465.10826795070454,
    470.514747498943,
    531.9297337321461,
    499.3135633670714,
    403.1830337142465,
    201.3210450269874,
    223.8492830698381,
    456.68331769500406,
    271.29256165999465,
    379.75077648469295,
    274.4966410771461,
    531.6179171866679,
    483.06211758582543,
    323.86517353344965,
    427.96573702404487,
    370.5043146821462,
    543.0139020961058,
    291.9387586056873,
    345.38249003147627,
    365.5506725800154,
    356.30699033089763,
    486.5260091037074,
    223.86648923718266,
    493.7439677564629,
    462.0013310233451,
    350.382597510476,
    472.88822572940484,
    224.36890055611386,
    198.34786687423718,
    505.6368134014672,
    405.60259111189004,
    510.5673797893041,
    238.32106765318605,
    457.32787890593016,
    540.4340823885717,
    209.59457472775975,
    387.50619052824663,
    200.2856330922642,
    484.2653399984484,
    254.7737600339125,
    269.7553355069685,
    427.60823999149477,
    436.3737764802001,
    330.24713938928573,
    375.9329360058247,
    320.9205734474081,
    227.92504116091388,
    408.4335387946848,
    435.8135493397972,
    312.39314026634185,
    257.57582800937234,
    238.9348625343848,
    418.3885488853826,
    526.9160813489432,
    252.6217696152243,
    473.40989296529176,
    264.4861404042641,
    560.3462558195835,
    535.6037140992946,
    442.06990291066836,
    271.31213373726905,
    479.30403599523896,
    234.56545899832952,
    349.71526622319186,
    433.72476312824085,
    378.5540837402396,
    524.8222064003802,
    287.60241004981174,
    407.238455712821,
    226.6830863661901,
    524.4436552188292,
    243.74187298037762,
    246.18108813024944,
    508.7327409011299,
    296.91167180722977,
    197.9532240539435,
    342.124266345836,
    521.6364521263963,
    439.7690895522743,
    379.683622772375,
    420.5300985129129,
    408.7074093668578,
    335.8028364787307,
    420.31584601099536,
    267.31372660631416,
    253.4820203991069,
    342.9830608066892,
    518.5859419593636,
    559.7897449327368,
    338.8715420107314,
    343.0123139329446,
    335.4139310502208,
    525.5486975528072,
    291.5471622398346,
    428.13816562095093,
    538.3906576384907,
    378.36185471150253,
    300.79903290224905,
    214.90599983850052,
    201.90493653983216,
    535.7239526398199,
    422.80062744266985,
    340.93303947972214,
    388.0403722319035,
    190.38043667957248,
    450.4268802832765,
    512.8072074998389,
    282.0552774221508,
    403.37342822006065,
    235.8064863693324,
    338.20165880879387,
    495.81806924877105,
    197.81198623063884,
    292.75441349537743,
    477.2546196167888,
    388.57436355004717,
    539.9485169054481,
    489.7995132213332,
    324.4810741624578,
    472.14249044764694,
    431.4171371615476,
    473.7784007726859,
    233.53502310583812,
    541.8359362957128,
    297.97394677825724,
    495.4180885537603,
    194.50038272277865,
    354.13035780797753,
    422.1018684191899,
    226.16704725839043,
    548.8998546834384,
    492.4383882932486,
    330.4248158937051,
    228.28330733807564,
    421.4751754878627,
    366.43542445314023,
    500.60866402867595,
    560.5555535127662,
    339.1700677882856,
    419.27378710995015,
    320.5131848765744,
    322.5426752958596,
    191.0937525640275,
    272.67274956910194,
    384.4198319723127,
    551.2745139537951,
    501.44171593874324,
    258.6810267095931,
    327.80016942521036,
    456.73720050050207,
    275.95971570039626,
    548.1358916889785,
    424.42068302528804,
    334.5716695743068,
    554.3677844539425,
    255.32121164341072,
    276.7358865727433,
    198.1341994238286,
    468.64081605706235,
    386.69888255817153,
    551.5573343763645,
    202.81169810786014,
    301.8482349631317,
    546.9222025755336,
    427.9285023556652,
    363.9354076953286
  ]
}