{
  "n": 500,
  "m": 42,
  "seed": 50,
  "capacity_ratio": 0.5,
  "capacities_mode": "random",
  "weight_min": 1.0,
  "weight_max": 100.0,
  "profit_min": 1.0,
  "profit_max": 100.0,
  "weights_integer": true,
  "profits_integer": true,
  "generated_at": "2026-06-23T12:26:32.170528",
  "capacities": [
    313.004059097208,
    225.5686163896872,
    341.8740793987107,
    240.6395759938506,
    200.42368934352328,
    171.5729770544127,
    364.0821814011314,
    212.54251432563206,
    297.5075504914963,
    306.3492226045182,
    248.85246159800303,
    241.71820861836872,
    436.8510275262347,
    370.85244109516003,
    323.80738742703,
    160.3811870181114,
    458.33141205894754,
    257.34339486845016,
    285.1778076877999,
    461.00291353933073,
    187.03912643687642,
    188.6550158094323,
    283.49897101854884,
    444.8957104670024,
    399.15152535094575,
    409.5694236447118,
    407.8519757574955,
    431.88849217412996,
    191.59571132048535,
    377.55490367858675,
    353.484816580241,
    413.7403193877373,
    185.82534656633615,
    319.50283020494163,
    169.2099504959756,
    262.69105096195796,
    318.1573719926068,
    389.9664020642231,
    223.96179569137175,
    221.90230953510908,
    205.94374480677646,
    221.0304985169023
  ]
}