{
  "n": 500,
  "m": 42,
  "seed": 55,
  "capacity_ratio": 0.5,
  "capacities_mode": "random",
  "weight_min": 1.0,
  "weight_max": 100.0,
  "profit_min": 1.0,
  "profit_max": 100.0,
  "weights_integer": true,
  "profits_integer": true,
  "generated_at": "2026-06-23T12:26:32.179159",
  "capacities": [
    411.6990998449614,
    306.3602513522254,
    269.65950422405473,
    317.93200387897235,
    289.5770614191599,
    330.1304688033654,
    389.7438045022279,
    351.89270707680726,
    271.6894487491127,
    322.57312314805085,
    184.13897882375687,
    401.7650851988634,
    198.02651761858527,
    336.97471684380895,
    328.08898920124307,
    290.74650647714077,
    181.91087792993744,
    213.23276111981508,
    270.36011067507724,
    210.1401132333958,
    379.1255726604223,
    422.220328467459,
    390.9380577136753,
    207.70237449043663,
    372.5112419043669,
    388.24259123613285,
    186.410013365391,
    162.71745457881772,
    394.6094882514243,
    421.0037126156619,
    272.9558125447374,
    298.50504277857823,
    162.4531168338687,
    428.67843578704225,
    404.2696577900465,
    181.64029659459464,
    207.28047071669076,
    378.6539102310345,
    259.40001646111915,
    400.26177323821105,
    331.15457131400234,
    291.62393030572554
  ]
}