{
  "n": 500,
  "m": 42,
  "seed": 42,
  "capacity_ratio": 0.5,
  "capacities_mode": "random",
  "weight_min": 1.0,
  "weight_max": 100.0,
  "profit_min": 1.0,
  "profit_max": 100.0,
  "weights_integer": true,
  "profits_integer": true,
  "generated_at": "2026-06-23T12:26:32.151672",
  "capacities": [
    195.76349175974534,
    148.1385420012275,
    297.95925478476585,
    223.0977638164549,
    424.77991856500245,
    303.4981174368883,
    345.0048236062644,
    180.4462230761514,
    394.2866679314459,
    285.4960444398865,
    395.5136553369964,
    309.4638000316522,
    279.30663440370256,
    270.97173778270354,
    197.18167514806913,
    158.86492728337075,
    415.2051698531459,
    281.7073543315349,
    380.9333969043345,
    259.51553240740844,
    165.40691579832676,
    325.42054191545503,
    159.5081231941379,
    187.04947785383007,
    306.2297156238271,
    231.60439343340857,
    430.4338332310299,
    178.19080747709376,
    364.3166454719925,
    318.7567913907872,
    371.8935560466929,
    209.08796230859042,
    294.6278041358554,
    273.8661366001573,
    271.6206526039679,
    391.89681342274986,
    429.31393449679274,
    232.04946810740907,
    322.9950019552677,
    319.71142177646766,
    357.29963054478355,
    417.08564171062665
  ]
}