{
  "n": 100,
  "m": 3,
  "seed": 56,
  "capacity_ratio": 0.5,
  "capacities_mode": "random",
  "weight_min": 1.0,
  "weight_max": 100.0,
  "profit_min": 1.0,
  "profit_max": 100.0,
  "weights_integer": true,
  "profits_integer": true,
  "generated_at": "2026-06-23T12:26:24.561367",
  "capacities": [
    539.1284662614074,
    1005.4508186021208,
    947.4207151364719
  ]
}