{
  "n": 1000,
  "m": 83,
  "seed": 53,
  "capacity_ratio": 0.5,
  "capacities_mode": "random",
  "weight_min": 1.0,
  "weight_max": 100.0,
  "profit_min": 1.0,
  "profit_max": 100.0,
  "weights_integer": true,
  "profits_integer": true,
  "generated_at": "2026-06-23T12:26:41.286342",
  "capacities": [
    220.91790444187328,
    367.8063769780299,
    248.07591920440873,
    356.6167327754023,
    394.31767519769664,
    315.54811260905143,
    302.3390025210297,
    385.8527637815717,
    335.6900370842786,
    159.3623587036532,
    255.1106083984483,
    186.6930516165091,
    414.24299727586117,
    421.8824547653147,
    286.38928643815893,
    268.6687050808784,
    256.64449029843206,
    171.25298779178647,
    234.9462604044325,
    275.1781049042323,
    380.6597891637421,
    279.6599919664756,
    158.67636204664785,
    359.6062116913152,
    199.73134528635373,
    234.5529859214388,
    392.00344298173496,
    163.3377277172555,
    323.64070216043996,
    329.5968700958039,
    275.0737449358485,
    212.83116701578544,
    433.00619005868447,
    417.7655208613046,
    234.84345475171978,
    181.93295176292597,
    429.9200367728767,
    339.3457494388812,
    181.75919339670378,
    426.5799112662756,
    268.632546223602,
    241.0909992159214,
    298.46626200172784,
    252.01173581686902,
    300.99752710902,
    289.81481361878565,
    221.35915513636496,
    176.76621017552543,
    397.28205534178994,
    288.7878218192602,
    399.0947308009128,
    194.7831258974349,
    344.76275040730667,
    359.77585097709635,
    408.18181083826727,
    184.94244967672597,
    336.0685894707984,
    398.33174556084685,
    408.35245044895623,
    297.3179010163796,
    370.9405706819119,
    258.017205393972,
    381.3702737387648,
    398.75998988939097,
    269.0224988079995,
    399.3130274106839,
    203.639864013587,
    403.6589213616635,
    267.8310082657132,
    226.83350962238384,
    291.37904960070875,
    225.78512042691935,
    327.17219287403844,
    188.04494501689217,
    248.71566259130273,
    250.02464045893905,
    163.39841569584163,
    219.91934912814898,
    415.7570953522646,
    202.8809172989059,
    363.3222070434787,
    324.12387283208824,
    409.2099513775472
  ]
}