{
  "n": 20,
  "m": 2,
  "seed": 59,
  "capacity_ratio": 0.5,
  "capacities_mode": "random",
  "weight_min": 1.0,
  "weight_max": 100.0,
  "profit_min": 1.0,
  "profit_max": 100.0,
  "weights_integer": true,
  "profits_integer": true,
  "generated_at": "2026-06-23T12:25:50.054500",
  "capacities": [
    281.71606645620574,
    220.28393354379432
  ]
}