{
  "n": 500,
  "m": 42,
  "seed": 59,
  "capacity_ratio": 0.5,
  "capacities_mode": "random",
  "weight_min": 1.0,
  "weight_max": 100.0,
  "profit_min": 1.0,
  "profit_max": 100.0,
  "weights_integer": true,
  "profits_integer": true,
  "generated_at": "2026-06-23T12:26:32.186509",
  "capacities": [
    273.822904239731,
    384.35019116547073,
    347.7099120783928,
    155.0739177787132,
    239.20988539150335,
    248.6694817150042,
    200.24893620688695,
    450.03623611950627,
    258.9371925095184,
    353.2846452740018,
    318.40920301941514,
    427.4519746959584,
    437.01794117611854,
    273.3511385977179,
    174.66424539320514,
    174.34178156318967,
    265.58730706364213,
    245.0877087707906,
    247.86167295584966,
    289.8797975991472,
    264.8317153508027,
    335.9898665417269,
    444.25564949663254,
    363.9934811645536,
    295.29195967095876,
    440.10061007622886,
    228.97575067306752,
    430.05890565308533,
    425.35677969143524,
    429.19090016093037,
    375.302875828942,
    393.6327682511518,
    333.51598163004525,
    395.0453663945077,
    387.34443611743706,
    162.91098438782114,
    205.06965881879495,
    165.14916155714488,
    152.4586389434505,
    239.14210444010553,
    381.8002922019358,
    212.08603963547782
  ]
}