{
  "n": 500,
  "m": 42,
  "seed": 58,
  "capacity_ratio": 0.5,
  "capacities_mode": "random",
  "weight_min": 1.0,
  "weight_max": 100.0,
  "profit_min": 1.0,
  "profit_max": 100.0,
  "weights_integer": true,
  "profits_integer": true,
  "generated_at": "2026-06-23T12:26:32.184692",
  "capacities": [
    312.0651682756873,
    304.92393195822507,
    366.43524839824295,
    210.88917587466463,
    274.394591058088,
    162.22388118005225,
    216.4454316812705,
    200.7144901082486,
    362.30558988705064,
    409.83996077168393,
    260.24542878931624,
    228.66870407769431,
    377.55990486806587,
    228.50792777082668,
    170.05735110619577,
    343.43730004607346,
    253.88205681984667,
    178.11834983496445,
    192.9426111046432,
    401.64514018045156,
    365.46580055896476,
    336.1786643562013,
    348.3338407074734,
    189.71679290220226,
    411.7875001323353,
    386.48606912621904,
    190.0558690719481,
    319.95140299090605,
    184.7108606161641,
    180.8237094772755,
    316.85475860213336,
    261.806498010464,
    251.70019686305602,
    245.17752911394922,
    270.69189812650603,
    327.1498545055861,
    373.32946171180004,
    233.4823713332678,
    374.4729444201146,
    310.92341503021294,
    250.561085816165,
    352.53723273576304
  ]
}