{
  "n": 1000,
  "m": 83,
  "seed": 46,
  "capacity_ratio": 0.5,
  "capacities_mode": "random",
  "weight_min": 1.0,
  "weight_max": 100.0,
  "profit_min": 1.0,
  "profit_max": 100.0,
  "weights_integer": true,
  "profits_integer": true,
  "generated_at": "2026-06-23T12:26:41.268345",
  "capacities": [
    454.4980512567449,
    202.04118157705216,
    178.35878434694158,
    219.14917201418476,
    285.46643148543643,
    262.2810233165752,
    249.96447542442652,
    359.72758405163677,
    381.0306113793272,
    422.55202993162544,
    171.09103595672315,
    400.3015563312855,
    268.63288708436966,
    273.42894153967984,
    164.98382248482352,
    400.71859669360566,
    254.56280556381765,
    220.42724300085877,
    460.196265914506,
    397.23298231279955,
    414.92004099907496,
    449.8962298245038,
    285.069217115212,
    448.8376803936658,
    185.1769720089124,
    328.7228969097911,
    257.4414034412047,
    280.2292775545322,
    266.29044024589706,
    264.7174893077416,
    299.1706661876543,
    446.5585354344983,
    184.79285305352707,
    365.611400534628,
    262.5679450168982,
    347.82160844212285,
    204.65161779282516,
    398.98860954973867,
    248.7133388671615,
    340.6646254500372,
    207.87023232049359,
    454.0386185322337,
    176.10641259264406,
    415.7263359404969,
    242.53829410067337,
    237.98689481248644,
    224.57520227882816,
    352.5559109038687,
    199.96158815448433,
    443.36592981123033,
    431.0182326269762,
    188.5425717487105,
    179.69519988360545,
    301.6996072071138,
    297.6977155927444,
    456.071455090894,
    169.89565503076489,
    308.2395685106108,
    210.39334216628527,
    433.07721768423,
    287.10142587879386,
    375.26113264784635,
    426.02585918517644,
    266.465061119744,
    169.198631087864,
    192.28492999661694,
    262.31024995186453,
    354.49353567132835,
    444.92536334424136,
    200.82642656686065,
    251.6860004383671,
    444.52024275461696,
    270.286016069571,
    296.8034544672798,
    193.74361526148988,
    420.31298421778627,
    211.92201884783455,
    251.59095484110733,
    318.06513533987413,
    157.42100130224748,
    440.7245846228801,
    203.22697312943933,
    287.7600884717474
  ]
}