{
  "n": 5000,
  "m": 329,
  "seed": 43,
  "capacity_ratio": 0.5,
  "capacities_mode": "random",
  "weight_min": 1.0,
  "weight_max": 100.0,
  "profit_min": 1.0,
  "profit_max": 100.0,
  "weights_integer": true,
  "profits_integer": true,
  "generated_at": "2026-06-23T12:26:48.508713",
  "capacities": [
    590.1352662475147,
    290.77463586477944,
    521.1672704669425,
    540.797448204339,
    347.39048620293295,
    322.7611541534458,
    584.9035958832692,
    338.27665119987745,
    411.64085801580694,
    400.7834826023106,
    390.59099101919753,
    284.62525747142155,
    304.10562156311465,
    305.4867884607466,
    374.4143631176605,
    241.84326667054225,
    257.9068901210076,
    421.28148290880694,
    328.54145944670495,
    303.8199952501054,
    546.4226769560225,
    253.16909501412735,
    418.5262306862646,
    488.8176559938505,
    327.93178144557766,
    347.98927796042216,
    434.46440712984565,
    256.4622993034141,
    204.43175303426023,
    421.37474090173487,
    527.5000852979472,
    304.06679140637726,
    540.0218495270207,
    289.0746402202373,
    428.6513287157916,
    257.19823299657764,
    350.6514880291933,
    564.4349338428655,
    229.84649774825803,
    473.4748581473056,
    542.0664030650455,
    205.4391915012564,
    275.27195304853024,
    342.86487085381424,
    202.15245388592604,
    557.0151176103474,
    460.8732432423087,
    267.32416224409786,
    328.9692151525615,
    234.82027638911927,
    405.66307790227336,
    332.79479598841795,
    198.5766930463372,
    304.70473626809405,
    314.5289508894586,
    338.4738347498657,
    354.18503270640895,
    566.4216117470073,
    340.33315040128355,
    480.6285956059174,
    283.11061663055403,
    583.7460457920672,
    230.0475911861567,
    545.467441626557,
    536.038828348925,
    571.1826781388221,
    496.37801029632817,
    389.270055825796,
    538.5861472779351,
    563.5372210556184,
    482.0825654491471,
    467.41100142313286,
    382.62351895778744,
    413.4875338395676,
    362.96868563496713,
    295.6559166843927,
    437.6042680234781,
    567.9009767138862,
    266.4017805048606,
    211.5559100229161,
    278.08733156625226,
    272.51260091754045,
    408.45790606808936,
    399.5502820720182,
    209.79259895740952,
    219.5249616057496,
    496.09261636048535,
    206.7291285818315,
    502.04237915662935,
    335.1195907995497,
    442.6222526231952,
    294.265917594631,
    579.7092396788098,
    462.0979728275284,
    468.84148454500763,
    566.5812520094998,
    290.50927454528176,
    451.47139969040114,
    575.1085023095566,
    552.3235046365552,
    504.8644826608774,
    372.23978098291553,
    518.9280840397926,
    234.08111489334158,
    305.106083432151,
    217.62553549651162,
    447.8529638491556,
    199.43719973827595,
    395.88861731708135,
    487.32001888452413,
    244.5108717009988,
    403.0635432828701,
    577.2275971114701,
    224.1159431754667,
    444.43350161748504,
    417.1075171811403,
    378.6674399321564,
    411.12330300173767,
    477.1425413351518,
    550.0439323793647,
    461.4341408861301,
    352.6558719147161,
    481.78162310496714,
    305.837030567755,
    274.4155276351712,
    200.85967681612115,
    543.9106872146443,
    235.96754771309145,
    285.94677631817456,
    197.99801778324178,
    292.94346968952664,
    550.8527794707528,
    303.42577999927204,
    311.4623033538811,
    362.1884620774776,
    532.2204553486553,
    416.75575603554205,
    320.9517419967993,
    226.30918021373625,
    276.5390087709629,
    304.0747109519631,
    527.9471788343125,
    223.87077580114658,
    215.2303331394097,
    248.71880671294144,
    571.7383009748672,
    586.2184865621417,
    491.66201378234757,
    589.1657697785186,
    350.26897981207463,
    208.69876788232187,
    274.4939525605746,
    226.96069648524787,
    573.6046978029111,
    515.0301282894851,
    370.5444221597572,
    356.25584105633004,
    515.144743185888,
    362.5835489318871,
    448.9471215375585,
    477.0167108454308,
    580.7230441255069,
    523.969512635578,
    346.68363995843833,
    314.05226753487443,
    346.42902026710055,
    363.9663288874156,
    463.3895161890208,
    286.4063359143557,
    362.45105920990625,
    455.47069078853303,
    250.20651611303055,
    535.8657845951171,
    511.94984990364395,
    503.7270089665849,
    312.0673995808735,
    527.9237804495552,
    397.7872617168278,
    211.60884660658826,
    220.24826115822245,
    295.5220689458951,
    416.27225346810684,
    384.7546734406519,
    263.1712533202785,
    493.45873443887,
    274.8271472085072,
    314.7898100260918,
    537.3812066873191,
    293.43776833961977,
    536.8728396529914,
    425.7811868097242,
    286.0830921110842,
    532.2047770540935,
    430.2082064639681,
    532.1967901836015,
    568.7833460263048,
    419.03228355935,
    264.30471194489047,
    400.9006550966723,
    247.61139923961096,
    295.89676109989125,
    417.8154769612781,
    460.8936573198191,
    395.2920068125206,
    505.2166566245192,
    462.3571420458901,
    294.12266893732857,
    543.5943387289085,
    560.0189145812925,
    436.00299063495953,
    395.086960638547,
    394.2320895814285,
    327.7540843033489,
    550.8369338392929,
    299.44821293320206,
    324.74389343647255,
    312.919718288506,
    371.39843560566874,
    562.9780559244562,
    244.59608103285447,
    379.65737444364197,
    300.34099909881513,
    218.34311391723415,
    336.3195795079098,
    308.8633665219556,
    514.5047375061504,
    236.51240574665755,
    433.48035126158646,
    271.2709143989483,
    261.33778552069566,
    212.6958603177476,
    292.08057434618513,
    314.2639779746508,
    531.2552786157086,
    465.1459772042514,
    385.6052442030014,
    392.7990962155534,
    455.5167085060109,
    448.1152488670403,
    221.59515381458527,
    386.3898329610548,
    384.5957892111857,
    493.4555813735391,
    510.5343189282576,
    400.18313865932987,
    431.64113751156356,
    343.8213225704346,
    410.2554925282767,
    550.4972602682084,
    243.64369563778874,
    202.17612775882807,
    478.85227416355826,
    326.6702058182996,
    297.4637126221384,
    483.74707785839047,
    383.07122992416646,
    252.45215383265952,
    206.38823790665256,
    567.2049644969904,
    242.6252080525737,
    515.3579106125285,
    573.1684607815781,
    379.8400355670586,
    237.6260495745201,
    505.6791644886307,
    348.7315994702667,
    272.67443637664655,
    515.0306098613429,
    223.0549244460619,
    390.0577571190015,
    358.25445619365433,
    257.71879171054155,
    448.7648916580941,
    269.33020947891407,
    583.9009825317,
    267.9579659334668,
    221.7516430469453,
    389.81215975967683,
    363.0275375748271,
    292.10470884221405,
    333.0883190616229,
    339.7241387731091,
    315.12185180685884,
    467.9541062728805,
    210.16567640928034,
    491.3881868398243,
    491.73513879749373,
    232.45258637923604,
    426.0429876017056,
    208.99462794026908,
    320.23059391380957,
    559.3648097716402,
    275.59906155175423,
    425.94987239890617,
    482.60906586326075,
    386.05147332274873,
    455.1625063501372,
    419.3786300258752,
    248.84534357879573,
    527.6897314076077,
    384.8991563290813,
    477.49667287367885,
    474.8108042672366,
    404.6827463010689,
    338.9760410013334,
    209.72225141206098,
    209.74965875611724,
    284.5791398020697,
    301.2417537039394,
    452.13974245850966,
    556.7504438959619,
    292.6436869233893,
    359.0443162453088,
    564.6593527236241,
    320.66841900613724,
    540.1026708626673,
    433.40262670599316,
    473.41262209180485,
    440.5014933715884,
    472.19758992987937,
    497.2541348013798,
    290.8944607210373,
    263.1791883811446,
    418.9646471711654,
    297.57868183493014,
    566.8060921345764,
    467.65073164128097,
    455.9486137743811,
    274.27749824814833
  ]
}