{
  "n": 50,
  "m": 2,
  "seed": 132,
  "capacity_ratio": 0.5,
  "capacities_mode": "random",
  "weight_min": 1.0,
  "weight_max": 100.0,
  "profit_min": 1.0,
  "profit_max": 100.0,
  "weights_integer": false,
  "profits_integer": false,
  "generated_at": "2026-06-23T12:33:31.479850",
  "capacities": [
    587.3335481247323,
    885.6655657867317
  ]
}