{
  "n": 100,
  "m": 3,
  "seed": 51,
  "capacity_ratio": 0.5,
  "capacities_mode": "random",
  "weight_min": 1.0,
  "weight_max": 100.0,
  "profit_min": 1.0,
  "profit_max": 100.0,
  "weights_integer": true,
  "profits_integer": true,
  "generated_at": "2026-06-23T12:26:24.555134",
  "capacities": [
    1183.4433428225927,
    654.6606352314149,
    789.3960219459924
  ]
}