{
  "n": 500,
  "m": 42,
  "seed": 56,
  "capacity_ratio": 0.5,
  "capacities_mode": "random",
  "weight_min": 1.0,
  "weight_max": 100.0,
  "profit_min": 1.0,
  "profit_max": 100.0,
  "weights_integer": true,
  "profits_integer": true,
  "generated_at": "2026-06-23T12:26:32.180905",
  "capacities": [
    287.4921813412726,
    231.18568890042138,
    350.1716588708591,
    385.211004974101,
    254.67149581506064,
    239.8839055849425,
    305.61808643182945,
    292.0458396989767,
    427.1074964383226,
    293.21414130638425,
    169.41481835445418,
    408.60539097036667,
    292.10220982394225,
    327.4510954709645,
    187.89938040540574,
    306.5802029240457,
    236.96303228471285,
    312.60252156112057,
    385.3947495745222,
    350.28319745478296,
    458.65731785771345,
    264.5514039327753,
    201.94188994974982,
    270.03616885960383,
    395.0698013672115,
    183.80358058979166,
    270.5925140322928,
    237.41721106696255,
    177.34844225630033,
    399.0682156604388,
    284.54202926656933,
    328.00409124812717,
    236.81165993083977,
    398.31307599558716,
    321.93292126906726,
    292.96380275651956,
    274.743203979348,
    456.89959817439245,
    339.21997102663005,
    202.93161333159105,
    247.43777711384928,
    286.81561214815144
  ]
}