{
  "n": 100,
  "m": 9,
  "seed": 462,
  "capacity_ratio": 0.5,
  "capacities_mode": "equal",
  "weight_min": 1.0,
  "weight_max": 100.0,
  "profit_min": 1.0,
  "profit_max": 100.0,
  "weights_integer": true,
  "profits_integer": true,
  "generated_at": "2026-06-23T12:33:38.212565",
  "capacities": [
    260.1111111111111,
    260.1111111111111,
    260.1111111111111,
    260.1111111111111,
    260.1111111111111,
    260.1111111111111,
    260.1111111111111,
    260.1111111111111,
    260.1111111111111
  ]
}